ROWHEADER,Test,ODI,T20,IPL,name
Matches,123.0,302.0,125.0,258.0,Virat Kohli
Innings,210.0,290.0,117.0,250.0,Virat Kohli
Runs,9230.0,14181.0,4188.0,8252.0,Virat Kohli
Balls,16608.0,15192.0,3056.0,6238.0,Virat Kohli
Highest,254.0,183.0,122.0,113.0,Virat Kohli
Average,46.85,57.88,48.7,39.11,Virat Kohli
SR,55.58,93.35,137.05,132.29,Virat Kohli
Not Out,13.0,45.0,31.0,39.0,Virat Kohli
Fours,1027.0,1325.0,369.0,725.0,Virat Kohli
Sixes,30.0,153.0,124.0,282.0,Virat Kohli
Ducks,15.0,16.0,7.0,10.0,Virat Kohli
50s,31.0,74.0,38.0,58.0,Virat Kohli
100s,30.0,51.0,1.0,8.0,Virat Kohli
200s,7.0,0.0,0.0,0.0,Virat Kohli
300s,0.0,0.0,0.0,0.0,Virat Kohli
400s,0.0,0.0,0.0,0.0,Virat Kohli
Matches,67.0,273.0,159.0,263.0,Rohit Sharma
Innings,116.0,265.0,151.0,258.0,Rohit Sharma
Runs,4302.0,11168.0,4231.0,6710.0,Rohit Sharma
Balls,7538.0,12034.0,3003.0,5111.0,Rohit Sharma
Highest,212.0,264.0,121.0,109.0,Rohit Sharma
Average,40.58,48.77,31.34,29.3,Rohit Sharma
SR,57.08,92.81,140.9,131.29,Rohit Sharma
Not Out,10.0,36.0,16.0,29.0,Rohit Sharma
Fours,473.0,1044.0,383.0,605.0,Rohit Sharma
Sixes,88.0,344.0,205.0,286.0,Rohit Sharma
Ducks,6.0,16.0,12.0,18.0,Rohit Sharma
50s,18.0,58.0,32.0,43.0,Rohit Sharma
100s,12.0,32.0,5.0,2.0,Rohit Sharma
200s,1.0,3.0,0.0,0.0,Rohit Sharma
300s,0.0,0.0,0.0,0.0,Rohit Sharma
400s,0.0,0.0,0.0,0.0,Rohit Sharma
Matches,34.0,167.0,68.0,222.0,Shikhar Dhawan
Innings,58.0,164.0,66.0,221.0,Shikhar Dhawan
Runs,2315.0,6793.0,1759.0,6768.0,Shikhar Dhawan
Balls,3458.0,7436.0,1392.0,5324.0,Shikhar Dhawan
Highest,190.0,143.0,92.0,106.0,Shikhar Dhawan
Average,40.61,44.11,27.92,35.07,Shikhar Dhawan
SR,66.95,91.36,126.37,127.13,Shikhar Dhawan
Not Out,1.0,10.0,3.0,28.0,Shikhar Dhawan
Fours,316.0,842.0,191.0,768.0,Shikhar Dhawan
Sixes,12.0,79.0,50.0,152.0,Shikhar Dhawan
Ducks,4.0,5.0,2.0,12.0,Shikhar Dhawan
50s,5.0,39.0,11.0,51.0,Shikhar Dhawan
100s,7.0,17.0,0.0,2.0,Shikhar Dhawan
200s,0.0,0.0,0.0,0.0,Shikhar Dhawan
300s,0.0,0.0,0.0,0.0,Shikhar Dhawan
400s,0.0,0.0,0.0,0.0,Shikhar Dhawan
Matches,32.0,55.0,21.0,109.0,Shubman Gill
Innings,59.0,55.0,21.0,106.0,Shubman Gill
Runs,1893.0,2775.0,578.0,3424.0,Shubman Gill
Balls,3159.0,2787.0,415.0,2509.0,Shubman Gill
Highest,128.0,208.0,126.0,129.0,Shubman Gill
Average,35.06,59.04,30.42,38.04,Shubman Gill
SR,59.93,99.57,139.28,136.47,Shubman Gill
Not Out,5.0,8.0,2.0,16.0,Shubman Gill
Fours,210.0,314.0,60.0,332.0,Shubman Gill
Sixes,31.0,59.0,22.0,101.0,Shubman Gill
Ducks,5.0,1.0,1.0,4.0,Shubman Gill
50s,7.0,15.0,3.0,22.0,Shubman Gill
100s,5.0,8.0,1.0,4.0,Shubman Gill
200s,0.0,1.0,0.0,0.0,Shubman Gill
300s,0.0,0.0,0.0,0.0,Shubman Gill
400s,0.0,0.0,0.0,0.0,Shubman Gill
Matches,14.0,70.0,51.0,121.0,Shreyas Iyer
Innings,24.0,65.0,47.0,121.0,Shreyas Iyer
Runs,811.0,2845.0,1104.0,3377.0,Shreyas Iyer
Balls,1287.0,2845.0,811.0,2575.0,Shreyas Iyer
Highest,105.0,128.0,74.0,97.0,Shreyas Iyer
Average,36.86,48.22,30.67,33.44,Shreyas Iyer
SR,63.02,100.0,136.13,131.15,Shreyas Iyer
Not Out,2.0,6.0,11.0,20.0,Shreyas Iyer
Fours,94.0,262.0,90.0,287.0,Shreyas Iyer
Sixes,16.0,72.0,44.0,133.0,Shreyas Iyer
Ducks,2.0,1.0,4.0,7.0,Shreyas Iyer
50s,5.0,22.0,8.0,24.0,Shreyas Iyer
100s,1.0,5.0,0.0,0.0,Shreyas Iyer
200s,0.0,0.0,0.0,0.0,Shreyas Iyer
300s,0.0,0.0,0.0,0.0,Shreyas Iyer
400s,0.0,0.0,0.0,0.0,Shreyas Iyer
Matches,0.0,29.0,39.0,172.0,Manish Pandey
Innings,0.0,24.0,33.0,160.0,Manish Pandey
Runs,0.0,566.0,709.0,3869.0,Manish Pandey
Balls,0.0,625.0,562.0,3193.0,Manish Pandey
Highest,0.0,104.0,79.0,114.0,Manish Pandey
Average,0.0,33.29,44.31,29.09,Manish Pandey
SR,0.0,90.56,126.16,121.18,Manish Pandey
Not Out,0.0,7.0,17.0,27.0,Manish Pandey
Fours,0.0,45.0,49.0,336.0,Manish Pandey
Sixes,0.0,5.0,19.0,111.0,Manish Pandey
Ducks,0.0,2.0,2.0,14.0,Manish Pandey
50s,0.0,2.0,3.0,22.0,Manish Pandey
100s,0.0,1.0,0.0,1.0,Manish Pandey
200s,0.0,0.0,0.0,0.0,Manish Pandey
300s,0.0,0.0,0.0,0.0,Manish Pandey
400s,0.0,0.0,0.0,0.0,Manish Pandey
Matches,21.0,5.0,0.0,127.0,Mayank Agarawal
Innings,36.0,5.0,0.0,121.0,Mayank Agarawal
Runs,1488.0,86.0,0.0,2665.0,Mayank Agarawal
Balls,2782.0,83.0,0.0,2000.0,Mayank Agarawal
Highest,243.0,32.0,0.0,106.0,Mayank Agarawal
Average,41.33,17.2,0.0,22.78,Mayank Agarawal
SR,53.49,103.62,0.0,133.25,Mayank Agarawal
Not Out,0.0,0.0,0.0,4.0,Mayank Agarawal
Fours,189.0,12.0,0.0,264.0,Mayank Agarawal
Sixes,28.0,1.0,0.0,98.0,Mayank Agarawal
Ducks,1.0,0.0,0.0,7.0,Mayank Agarawal
50s,6.0,0.0,0.0,13.0,Mayank Agarawal
100s,4.0,0.0,0.0,1.0,Mayank Agarawal
200s,2.0,0.0,0.0,0.0,Mayank Agarawal
300s,0.0,0.0,0.0,0.0,Mayank Agarawal
400s,0.0,0.0,0.0,0.0,Mayank Agarawal
Matches,5.0,6.0,1.0,79.0,Prithvi Shaw
Innings,9.0,6.0,1.0,79.0,Prithvi Shaw
Runs,339.0,189.0,0.0,1892.0,Prithvi Shaw
Balls,394.0,166.0,1.0,1283.0,Prithvi Shaw
Highest,134.0,49.0,0.0,99.0,Prithvi Shaw
Average,42.38,31.5,0.0,23.95,Prithvi Shaw
SR,86.05,113.86,0.0,147.47,Prithvi Shaw
Not Out,1.0,0.0,0.0,0.0,Prithvi Shaw
Fours,48.0,32.0,0.0,238.0,Prithvi Shaw
Sixes,2.0,2.0,0.0,61.0,Prithvi Shaw
Ducks,1.0,0.0,1.0,7.0,Prithvi Shaw
50s,2.0,0.0,0.0,14.0,Prithvi Shaw
100s,1.0,0.0,0.0,0.0,Prithvi Shaw
200s,0.0,0.0,0.0,0.0,Prithvi Shaw
300s,0.0,0.0,0.0,0.0,Prithvi Shaw
400s,0.0,0.0,0.0,0.0,Prithvi Shaw
Matches,103.0,5.0,0.0,30.0,Cheteshwar Pujara
Innings,176.0,5.0,0.0,22.0,Cheteshwar Pujara
Runs,7195.0,51.0,0.0,390.0,Cheteshwar Pujara
Balls,16217.0,130.0,0.0,391.0,Cheteshwar Pujara
Highest,206.0,27.0,0.0,51.0,Cheteshwar Pujara
Average,43.61,10.2,0.0,20.53,Cheteshwar Pujara
SR,44.37,39.24,0.0,99.75,Cheteshwar Pujara
Not Out,11.0,0.0,0.0,3.0,Cheteshwar Pujara
Fours,863.0,4.0,0.0,50.0,Cheteshwar Pujara
Sixes,16.0,0.0,0.0,4.0,Cheteshwar Pujara
Ducks,12.0,2.0,0.0,1.0,Cheteshwar Pujara
50s,35.0,0.0,0.0,1.0,Cheteshwar Pujara
100s,19.0,0.0,0.0,0.0,Cheteshwar Pujara
200s,3.0,0.0,0.0,0.0,Cheteshwar Pujara
300s,0.0,0.0,0.0,0.0,Cheteshwar Pujara
400s,0.0,0.0,0.0,0.0,Cheteshwar Pujara
Matches,85.0,90.0,20.0,192.0,Ajinkya Rahane
Innings,144.0,87.0,20.0,178.0,Ajinkya Rahane
Runs,5077.0,2962.0,375.0,4863.0,Ajinkya Rahane
Balls,10256.0,3767.0,331.0,3910.0,Ajinkya Rahane
Highest,188.0,111.0,61.0,105.0,Ajinkya Rahane
Average,38.46,35.26,20.83,30.39,Ajinkya Rahane
SR,49.51,78.64,113.3,124.38,Ajinkya Rahane
Not Out,12.0,3.0,2.0,18.0,Ajinkya Rahane
Fours,579.0,293.0,32.0,497.0,Ajinkya Rahane
Sixes,35.0,33.0,6.0,117.0,Ajinkya Rahane
Ducks,10.0,6.0,2.0,13.0,Ajinkya Rahane
50s,26.0,24.0,1.0,32.0,Ajinkya Rahane
100s,12.0,3.0,0.0,2.0,Ajinkya Rahane
200s,0.0,0.0,0.0,0.0,Ajinkya Rahane
300s,0.0,0.0,0.0,0.0,Ajinkya Rahane
400s,0.0,0.0,0.0,0.0,Ajinkya Rahane
Matches,0.0,6.0,23.0,71.0,Ruturaj Gaikwad
Innings,0.0,6.0,20.0,70.0,Ruturaj Gaikwad
Runs,0.0,115.0,633.0,2502.0,Ruturaj Gaikwad
Balls,0.0,157.0,441.0,1820.0,Ruturaj Gaikwad
Highest,0.0,71.0,123.0,108.0,Ruturaj Gaikwad
Average,0.0,19.17,39.56,40.35,Ruturaj Gaikwad
SR,0.0,73.25,143.54,137.48,Ruturaj Gaikwad
Not Out,0.0,0.0,4.0,8.0,Ruturaj Gaikwad
Fours,0.0,16.0,65.0,231.0,Ruturaj Gaikwad
Sixes,0.0,0.0,24.0,95.0,Ruturaj Gaikwad
Ducks,0.0,0.0,1.0,7.0,Ruturaj Gaikwad
50s,0.0,1.0,4.0,20.0,Ruturaj Gaikwad
100s,0.0,0.0,1.0,2.0,Ruturaj Gaikwad
200s,0.0,0.0,0.0,0.0,Ruturaj Gaikwad
300s,0.0,0.0,0.0,0.0,Ruturaj Gaikwad
400s,0.0,0.0,0.0,0.0,Ruturaj Gaikwad
Matches,11.0,94.0,114.0,143.0,Hardik Pandya
Innings,18.0,68.0,90.0,133.0,Hardik Pandya
Runs,532.0,1904.0,1812.0,2629.0,Hardik Pandya
Balls,720.0,1717.0,1279.0,1795.0,Hardik Pandya
Highest,108.0,92.0,71.0,91.0,Hardik Pandya
Average,31.29,32.83,27.88,28.58,Hardik Pandya
SR,73.89,110.9,141.68,146.47,Hardik Pandya
Not Out,1.0,10.0,25.0,41.0,Hardik Pandya
Fours,68.0,141.0,135.0,198.0,Hardik Pandya
Sixes,12.0,76.0,95.0,142.0,Hardik Pandya
Ducks,2.0,4.0,3.0,6.0,Hardik Pandya
50s,4.0,11.0,5.0,10.0,Hardik Pandya
100s,1.0,0.0,0.0,0.0,Hardik Pandya
200s,0.0,0.0,0.0,0.0,Hardik Pandya
300s,0.0,0.0,0.0,0.0,Hardik Pandya
400s,0.0,0.0,0.0,0.0,Hardik Pandya
Matches,16.0,0.0,0.0,24.0,Hanuma Vihari
Innings,28.0,0.0,0.0,23.0,Hanuma Vihari
Runs,839.0,0.0,0.0,284.0,Hanuma Vihari
Balls,1988.0,0.0,0.0,321.0,Hanuma Vihari
Highest,111.0,0.0,0.0,46.0,Hanuma Vihari
Average,33.56,0.0,0.0,14.2,Hanuma Vihari
SR,42.21,0.0,0.0,88.48,Hanuma Vihari
Not Out,3.0,0.0,0.0,3.0,Hanuma Vihari
Fours,107.0,0.0,0.0,23.0,Hanuma Vihari
Sixes,2.0,0.0,0.0,1.0,Hanuma Vihari
Ducks,1.0,0.0,0.0,0.0,Hanuma Vihari
50s,5.0,0.0,0.0,0.0,Hanuma Vihari
100s,1.0,0.0,0.0,0.0,Hanuma Vihari
200s,0.0,0.0,0.0,0.0,Hanuma Vihari
300s,0.0,0.0,0.0,0.0,Hanuma Vihari
400s,0.0,0.0,0.0,0.0,Hanuma Vihari
Matches,80.0,204.0,74.0,247.0,Ravindra Jadeja
Innings,118.0,137.0,41.0,191.0,Ravindra Jadeja
Runs,3370.0,2806.0,515.0,3051.0,Ravindra Jadeja
Balls,6100.0,3284.0,405.0,2361.0,Ravindra Jadeja
Highest,175.0,87.0,46.0,62.0,Ravindra Jadeja
Average,34.74,32.63,21.46,27.0,Ravindra Jadeja
SR,55.25,85.45,127.17,129.23,Ravindra Jadeja
Not Out,21.0,51.0,17.0,78.0,Ravindra Jadeja
Fours,330.0,205.0,39.0,220.0,Ravindra Jadeja
Sixes,69.0,54.0,14.0,110.0,Ravindra Jadeja
Ducks,8.0,6.0,3.0,9.0,Ravindra Jadeja
50s,22.0,13.0,0.0,3.0,Ravindra Jadeja
100s,4.0,0.0,0.0,0.0,Ravindra Jadeja
200s,0.0,0.0,0.0,0.0,Ravindra Jadeja
300s,0.0,0.0,0.0,0.0,Ravindra Jadeja
400s,0.0,0.0,0.0,0.0,Ravindra Jadeja
Matches,11.0,47.0,25.0,102.0,Shardul Thakur
Innings,18.0,25.0,6.0,41.0,Shardul Thakur
Runs,331.0,329.0,69.0,321.0,Shardul Thakur
Balls,522.0,313.0,38.0,232.0,Shardul Thakur
Highest,67.0,50.0,22.0,68.0,Shardul Thakur
Average,19.47,17.32,23.0,11.89,Shardul Thakur
SR,63.41,105.12,181.58,138.37,Shardul Thakur
Not Out,1.0,6.0,3.0,14.0,Shardul Thakur
Fours,41.0,31.0,5.0,29.0,Shardul Thakur
Sixes,9.0,9.0,4.0,13.0,Shardul Thakur
Ducks,3.0,1.0,2.0,8.0,Shardul Thakur
50s,4.0,1.0,0.0,1.0,Shardul Thakur
100s,0.0,0.0,0.0,0.0,Shardul Thakur
200s,0.0,0.0,0.0,0.0,Shardul Thakur
300s,0.0,0.0,0.0,0.0,Shardul Thakur
400s,0.0,0.0,0.0,0.0,Shardul Thakur
Matches,106.0,116.0,65.0,217.0,Ravichandran Ashwin
Innings,151.0,63.0,19.0,96.0,Ravichandran Ashwin
Runs,3503.0,707.0,184.0,812.0,Ravichandran Ashwin
Balls,6423.0,813.0,160.0,690.0,Ravichandran Ashwin
Highest,124.0,65.0,31.0,50.0,Ravichandran Ashwin
Average,25.76,16.44,26.29,13.1,Ravichandran Ashwin
SR,54.54,86.97,115.0,117.69,Ravichandran Ashwin
Not Out,15.0,20.0,12.0,34.0,Ravichandran Ashwin
Fours,399.0,60.0,17.0,62.0,Ravichandran Ashwin
Sixes,23.0,7.0,4.0,28.0,Ravichandran Ashwin
Ducks,9.0,6.0,0.0,12.0,Ravichandran Ashwin
50s,14.0,1.0,0.0,1.0,Ravichandran Ashwin
100s,6.0,0.0,0.0,0.0,Ravichandran Ashwin
200s,0.0,0.0,0.0,0.0,Ravichandran Ashwin
300s,0.0,0.0,0.0,0.0,Ravichandran Ashwin
400s,0.0,0.0,0.0,0.0,Ravichandran Ashwin
Matches,58.0,85.0,72.0,137.0,KL Rahul
Innings,101.0,79.0,68.0,128.0,KL Rahul
Runs,3257.0,3043.0,2265.0,4921.0,KL Rahul
Balls,6168.0,3451.0,1628.0,3633.0,KL Rahul
Highest,199.0,112.0,110.0,132.0,KL Rahul
Average,33.58,49.08,37.75,45.99,KL Rahul
SR,52.81,88.18,139.13,135.46,KL Rahul
Not Out,4.0,17.0,8.0,21.0,KL Rahul
Fours,386.0,235.0,191.0,418.0,KL Rahul
Sixes,26.0,67.0,99.0,199.0,KL Rahul
Ducks,9.0,3.0,5.0,4.0,KL Rahul
50s,17.0,18.0,22.0,39.0,KL Rahul
100s,8.0,7.0,2.0,4.0,KL Rahul
200s,0.0,0.0,0.0,0.0,KL Rahul
300s,0.0,0.0,0.0,0.0,KL Rahul
400s,0.0,0.0,0.0,0.0,KL Rahul
Matches,0.0,16.0,42.0,174.0,Sanju Samson
Innings,0.0,14.0,38.0,170.0,Sanju Samson
Runs,0.0,510.0,861.0,4643.0,Sanju Samson
Balls,0.0,512.0,565.0,3336.0,Sanju Samson
Highest,0.0,108.0,111.0,119.0,Sanju Samson
Average,0.0,56.67,25.32,30.75,Sanju Samson
SR,0.0,99.61,152.39,139.18,Sanju Samson
Not Out,0.0,5.0,4.0,19.0,Sanju Samson
Fours,0.0,34.0,71.0,375.0,Sanju Samson
Sixes,0.0,22.0,49.0,216.0,Sanju Samson
Ducks,0.0,0.0,6.0,11.0,Sanju Samson
50s,0.0,3.0,2.0,26.0,Sanju Samson
100s,0.0,1.0,3.0,3.0,Sanju Samson
200s,0.0,0.0,0.0,0.0,Sanju Samson
300s,0.0,0.0,0.0,0.0,Sanju Samson
400s,0.0,0.0,0.0,0.0,Sanju Samson
Matches,40.0,9.0,0.0,170.0,Wriddhiman Saha
Innings,56.0,5.0,0.0,145.0,Wriddhiman Saha
Runs,1353.0,41.0,0.0,2934.0,Wriddhiman Saha
Balls,2973.0,56.0,0.0,2300.0,Wriddhiman Saha
Highest,117.0,16.0,0.0,115.0,Wriddhiman Saha
Average,29.41,13.67,0.0,24.25,Wriddhiman Saha
SR,45.51,73.22,0.0,127.57,Wriddhiman Saha
Not Out,10.0,2.0,0.0,24.0,Wriddhiman Saha
Fours,129.0,5.0,0.0,296.0,Wriddhiman Saha
Sixes,14.0,0.0,0.0,87.0,Wriddhiman Saha
Ducks,6.0,0.0,0.0,7.0,Wriddhiman Saha
50s,6.0,0.0,0.0,13.0,Wriddhiman Saha
100s,3.0,0.0,0.0,1.0,Wriddhiman Saha
200s,0.0,0.0,0.0,0.0,Wriddhiman Saha
300s,0.0,0.0,0.0,0.0,Wriddhiman Saha
400s,0.0,0.0,0.0,0.0,Wriddhiman Saha
Matches,43.0,31.0,76.0,118.0,Rishabh Pant
Innings,75.0,27.0,66.0,116.0,Rishabh Pant
Runs,2948.0,871.0,1209.0,3387.0,Rishabh Pant
Balls,4005.0,820.0,949.0,2304.0,Rishabh Pant
Highest,159.0,125.0,65.0,128.0,Rishabh Pant
Average,42.11,33.5,23.25,34.21,Rishabh Pant
SR,73.61,106.22,127.4,147.01,Rishabh Pant
Not Out,5.0,1.0,14.0,17.0,Rishabh Pant
Fours,321.0,91.0,111.0,304.0,Rishabh Pant
Sixes,73.0,26.0,44.0,159.0,Rishabh Pant
Ducks,3.0,3.0,4.0,5.0,Rishabh Pant
50s,15.0,5.0,3.0,19.0,Rishabh Pant
100s,6.0,1.0,0.0,1.0,Rishabh Pant
200s,0.0,0.0,0.0,0.0,Rishabh Pant
300s,0.0,0.0,0.0,0.0,Rishabh Pant
400s,0.0,0.0,0.0,0.0,Rishabh Pant
Matches,64.0,108.0,25.0,117.0,Mohammed Shami
Innings,89.0,49.0,5.0,29.0,Mohammed Shami
Runs,750.0,225.0,7.0,84.0,Mohammed Shami
Balls,1005.0,273.0,10.0,89.0,Mohammed Shami
Highest,56.0,25.0,7.0,21.0,Mohammed Shami
Average,11.9,7.76,3.5,6.0,Mohammed Shami
SR,74.63,82.42,70.0,94.39,Mohammed Shami
Not Out,26.0,20.0,3.0,15.0,Mohammed Shami
Fours,83.0,17.0,0.0,7.0,Mohammed Shami
Sixes,25.0,9.0,1.0,2.0,Mohammed Shami
Ducks,18.0,6.0,1.0,4.0,Mohammed Shami
50s,2.0,0.0,0.0,0.0,Mohammed Shami
100s,0.0,0.0,0.0,0.0,Mohammed Shami
200s,0.0,0.0,0.0,0.0,Mohammed Shami
300s,0.0,0.0,0.0,0.0,Mohammed Shami
400s,0.0,0.0,0.0,0.0,Mohammed Shami
Matches,45.0,89.0,70.0,136.0,Jasprit Bumrah
Innings,69.0,26.0,8.0,31.0,Jasprit Bumrah
Runs,332.0,91.0,8.0,68.0,Jasprit Bumrah
Balls,741.0,159.0,14.0,79.0,Jasprit Bumrah
Highest,34.0,16.0,7.0,16.0,Jasprit Bumrah
Average,7.06,7.58,2.67,9.71,Jasprit Bumrah
SR,44.81,57.24,57.15,86.08,Jasprit Bumrah
Not Out,22.0,14.0,5.0,24.0,Jasprit Bumrah
Fours,35.0,10.0,1.0,5.0,Jasprit Bumrah
Sixes,11.0,1.0,0.0,1.0,Jasprit Bumrah
Ducks,25.0,5.0,2.0,5.0,Jasprit Bumrah
50s,0.0,0.0,0.0,0.0,Jasprit Bumrah
100s,0.0,0.0,0.0,0.0,Jasprit Bumrah
200s,0.0,0.0,0.0,0.0,Jasprit Bumrah
300s,0.0,0.0,0.0,0.0,Jasprit Bumrah
400s,0.0,0.0,0.0,0.0,Jasprit Bumrah
Matches,13.0,113.0,40.0,90.0,Kuldeep Yadav
Innings,17.0,42.0,7.0,35.0,Kuldeep Yadav
Runs,199.0,207.0,46.0,189.0,Kuldeep Yadav
Balls,698.0,407.0,59.0,222.0,Kuldeep Yadav
Highest,40.0,19.0,23.0,35.0,Kuldeep Yadav
Average,13.27,9.86,11.5,13.5,Kuldeep Yadav
SR,28.52,50.86,77.97,85.14,Kuldeep Yadav
Not Out,2.0,21.0,3.0,21.0,Kuldeep Yadav
Fours,18.0,14.0,2.0,17.0,Kuldeep Yadav
Sixes,1.0,0.0,0.0,3.0,Kuldeep Yadav
Ducks,4.0,3.0,2.0,5.0,Kuldeep Yadav
50s,0.0,0.0,0.0,0.0,Kuldeep Yadav
100s,0.0,0.0,0.0,0.0,Kuldeep Yadav
200s,0.0,0.0,0.0,0.0,Kuldeep Yadav
300s,0.0,0.0,0.0,0.0,Kuldeep Yadav
400s,0.0,0.0,0.0,0.0,Kuldeep Yadav
Matches,0.0,72.0,80.0,166.0,Yuzvendra Chahal
Innings,0.0,14.0,6.0,20.0,Yuzvendra Chahal
Runs,0.0,77.0,6.0,37.0,Yuzvendra Chahal
Balls,0.0,141.0,13.0,86.0,Yuzvendra Chahal
Highest,0.0,18.0,3.0,8.0,Yuzvendra Chahal
Average,0.0,8.56,3.0,5.29,Yuzvendra Chahal
SR,0.0,54.61,46.16,43.03,Yuzvendra Chahal
Not Out,0.0,5.0,4.0,13.0,Yuzvendra Chahal
Fours,0.0,8.0,0.0,0.0,Yuzvendra Chahal
Sixes,0.0,0.0,0.0,0.0,Yuzvendra Chahal
Ducks,0.0,1.0,0.0,1.0,Yuzvendra Chahal
50s,0.0,0.0,0.0,0.0,Yuzvendra Chahal
100s,0.0,0.0,0.0,0.0,Yuzvendra Chahal
200s,0.0,0.0,0.0,0.0,Yuzvendra Chahal
300s,0.0,0.0,0.0,0.0,Yuzvendra Chahal
400s,0.0,0.0,0.0,0.0,Yuzvendra Chahal
Matches,2.0,8.0,11.0,32.0,Navdeep Saini
Innings,3.0,5.0,3.0,7.0,Navdeep Saini
Runs,8.0,107.0,12.0,33.0,Navdeep Saini
Balls,27.0,137.0,11.0,37.0,Navdeep Saini
Highest,5.0,45.0,11.0,12.0,Navdeep Saini
Average,4.0,53.5,0.0,8.25,Navdeep Saini
SR,29.63,78.11,109.1,89.19,Navdeep Saini
Not Out,1.0,3.0,3.0,3.0,Navdeep Saini
Fours,1.0,9.0,2.0,3.0,Navdeep Saini
Sixes,0.0,3.0,0.0,0.0,Navdeep Saini
Ducks,0.0,0.0,0.0,0.0,Navdeep Saini
50s,0.0,0.0,0.0,0.0,Navdeep Saini
100s,0.0,0.0,0.0,0.0,Navdeep Saini
200s,0.0,0.0,0.0,0.0,Navdeep Saini
300s,0.0,0.0,0.0,0.0,Navdeep Saini
400s,0.0,0.0,0.0,0.0,Navdeep Saini
Matches,57.0,75.0,9.0,148.0,Umesh Yadav
Innings,68.0,24.0,2.0,52.0,Umesh Yadav
Runs,460.0,79.0,22.0,208.0,Umesh Yadav
Balls,883.0,134.0,21.0,201.0,Umesh Yadav
Highest,31.0,18.0,20.0,24.0,Umesh Yadav
Average,11.22,7.9,22.0,9.9,Umesh Yadav
SR,52.1,58.96,104.77,103.49,Umesh Yadav
Not Out,27.0,14.0,1.0,31.0,Umesh Yadav
Fours,42.0,8.0,2.0,16.0,Umesh Yadav
Sixes,24.0,1.0,0.0,9.0,Umesh Yadav
Ducks,9.0,4.0,0.0,8.0,Umesh Yadav
50s,0.0,0.0,0.0,0.0,Umesh Yadav
100s,0.0,0.0,0.0,0.0,Umesh Yadav
200s,0.0,0.0,0.0,0.0,Umesh Yadav
300s,0.0,0.0,0.0,0.0,Umesh Yadav
400s,0.0,0.0,0.0,0.0,Umesh Yadav
Matches,36.0,44.0,16.0,99.0,Mohammed Siraj
Innings,49.0,17.0,5.0,25.0,Mohammed Siraj
Runs,131.0,55.0,14.0,109.0,Mohammed Siraj
Balls,356.0,129.0,16.0,119.0,Mohammed Siraj
Highest,16.0,9.0,7.0,14.0,Mohammed Siraj
Average,4.85,7.86,7.0,10.9,Mohammed Siraj
SR,36.8,42.64,87.5,91.6,Mohammed Siraj
Not Out,22.0,10.0,3.0,15.0,Mohammed Siraj
Fours,14.0,3.0,1.0,10.0,Mohammed Siraj
Sixes,2.0,0.0,0.0,4.0,Mohammed Siraj
Ducks,11.0,1.0,1.0,2.0,Mohammed Siraj
50s,0.0,0.0,0.0,0.0,Mohammed Siraj
100s,0.0,0.0,0.0,0.0,Mohammed Siraj
200s,0.0,0.0,0.0,0.0,Mohammed Siraj
300s,0.0,0.0,0.0,0.0,Mohammed Siraj
400s,0.0,0.0,0.0,0.0,Mohammed Siraj
Matches,70,243,78,0,Tamim Iqbal
Innings,134,240,78,0,Tamim Iqbal
Runs,5134,8357,1758,0,Tamim Iqbal
Balls,8852,10642,1500,0,Tamim Iqbal
Highest,206,158,103,0,Tamim Iqbal
Average,38.89,36.65,24.08,0,Tamim Iqbal
SR,58.00,78.53,117.20,0,Tamim Iqbal
Not Out,2,12,5,0,Tamim Iqbal
Fours,656,925,189,0,Tamim Iqbal
Sixes,41,103,45,0,Tamim Iqbal
Ducks,11,19,6,0,Tamim Iqbal
50s,31,56,7,0,Tamim Iqbal
100s,10,14,1,0,Tamim Iqbal
200s,1,0,0,0,Tamim Iqbal
300s,0,0,0,0,Tamim Iqbal
400s,0,0,0,0,Tamim Iqbal
Matches,16,76,87,0,Soumya Sarkar
Innings,30,71,86,0,Soumya Sarkar
Runs,831,2198,1462,0,Soumya Sarkar
Balls,1442,2282,1197,0,Soumya Sarkar
Highest,149,169,68,0,Soumya Sarkar
Average,27.7,32.32,17.83,0,Soumya Sarkar
SR,57.63,96.32,122.14,0,Soumya Sarkar
Not Out,0,3,4,0,Soumya Sarkar
Fours,109,256,145,0,Soumya Sarkar
Sixes,9,52,55,0,Soumya Sarkar
Ducks,2,9,13,0,Soumya Sarkar
50s,4,13,5,0,Soumya Sarkar
100s,1,3,0,0,Soumya Sarkar
200s,0,0,0,0,Soumya Sarkar
300s,0,0,0,0,Soumya Sarkar
400s,0,0,0,0,Soumya Sarkar
Matches,11,66,48,0,Sabbir Rahman
Innings,22,59,47,0,Sabbir Rahman
Runs,481,1333,977,0,Sabbir Rahman
Balls,875,1461,819,0,Sabbir Rahman
Highest,66,102,80,0,Sabbir Rahman
Average,24.05,25.63,23.26,0,Sabbir Rahman
SR,54.98,91.24,119.30,0,Sabbir Rahman
Not Out,2,7,5,0,Sabbir Rahman
Fours,56,153,92,0,Sabbir Rahman
Sixes,6,24,29,0,Sabbir Rahman
Ducks,5,5,3,0,Sabbir Rahman
50s,4,6,4,0,Sabbir Rahman
100s,0,1,0,0,Sabbir Rahman
200s,0,0,0,0,Sabbir Rahman
300s,0,0,0,0,Sabbir Rahman
400s,0,0,0,0,Sabbir Rahman
Matches,50,239,141,0,Mahmudullah
Innings,94,209,130,0,Mahmudullah
Runs,2914,5689,2443,0,Mahmudullah
Balls,5456,7330,2083,0,Mahmudullah
Highest,150,128,64,0,Mahmudullah
Average,33.11,36.47,23.49,0,Mahmudullah
SR,53.41,77.62,117.29,0,Mahmudullah
Not Out,6,53,26,0,Mahmudullah
Fours,338,426,184,0,Mahmudullah
Sixes,24,107,77,0,Mahmudullah
Ducks,11,10,5,0,Mahmudullah
50s,16,32,8,0,Mahmudullah
100s,5,4,0,0,Mahmudullah
200s,0,0,0,0,Mahmudullah
300s,0,0,0,0,Mahmudullah
400s,0,0,0,0,Mahmudullah
Matches,71,247,129,71,Shakib Al Hasan
Innings,130,234,126,52,Shakib Al Hasan
Runs,4609,7570,2551,793,Shakib Al Hasan
Balls,7473,9138,2104,637,Shakib Al Hasan
Highest,217,134,84,66,Shakib Al Hasan
Average,37.78,37.11,23.19,19.83,Shakib Al Hasan
SR,61.68,82.85,121.25,124.49,Shakib Al Hasan
Not Out,8,30,16,12,Shakib Al Hasan
Fours,556,699,258,73,Shakib Al Hasan
Sixes,28,54,53,21,Shakib Al Hasan
Ducks,6,12,9,4,Shakib Al Hasan
50s,31,56,13,2,Shakib Al Hasan
100s,5,9,0,0,Shakib Al Hasan
200s,1,0,0,0,Shakib Al Hasan
300s,0,0,0,0,Shakib Al Hasan
400s,0,0,0,0,Shakib Al Hasan
Matches,4,43,33,0,Mosaddek Hossain
Innings,8,35,31,0,Mosaddek Hossain
Runs,173,634,389,0,Mosaddek Hossain
Balls,375,762,341,0,Mosaddek Hossain
Highest,75,52,48,0,Mosaddek Hossain
Average,28.83,25.36,18.52,0,Mosaddek Hossain
SR,46.14,83.21,114.08,0,Mosaddek Hossain
Not Out,2,10,10,0,Mosaddek Hossain
Fours,13,58,26,0,Mosaddek Hossain
Sixes,4,13,11,0,Mosaddek Hossain
Ducks,1,1,4,0,Mosaddek Hossain
50s,1,3,0,0,Mosaddek Hossain
100s,0,0,0,0,Mosaddek Hossain
200s,0,0,0,0,Mosaddek Hossain
300s,0,0,0,0,Mosaddek Hossain
400s,0,0,0,0,Mosaddek Hossain
Matches,0,29,38,0,Mohammad Saifuddin
Innings,0,19,21,0,Mohammad Saifuddin
Runs,0,362,206,0,Mohammad Saifuddin
Balls,0,422,180,0,Mohammad Saifuddin
Highest,0,51,39,0,Mohammad Saifuddin
Average,0,36.2,18.73,0,Mohammad Saifuddin
SR,0,85.79,114.45,0,Mohammad Saifuddin
Not Out,0,9,10,0,Mohammad Saifuddin
Fours,0,29,16,0,Mohammad Saifuddin
Sixes,0,6,7,0,Mohammad Saifuddin
Ducks,0,1,2,0,Mohammad Saifuddin
50s,0,2,0,0,Mohammad Saifuddin
100s,0,0,0,0,Mohammad Saifuddin
200s,0,0,0,0,Mohammad Saifuddin
300s,0,0,0,0,Mohammad Saifuddin
400s,0,0,0,0,Mohammad Saifuddin
Matches,51,105,29,0,Mehidy Hasan Miraz
Innings,93,76,24,0,Mehidy Hasan Miraz
Runs,1952,1617,354,0,Mehidy Hasan Miraz
Balls,3920,2105,305,0,Mehidy Hasan Miraz
Highest,103,112,46,0,Mehidy Hasan Miraz
Average,23.52,24.5,17.7,0,Mehidy Hasan Miraz
SR,49.80,76.82,116.07,0,Mehidy Hasan Miraz
Not Out,10,10,4,0,Mehidy Hasan Miraz
Fours,231,137,29,0,Mehidy Hasan Miraz
Sixes,20,27,10,0,Mehidy Hasan Miraz
Ducks,6,4,2,0,Mehidy Hasan Miraz
50s,9,6,0,0,Mehidy Hasan Miraz
100s,1,2,0,0,Mehidy Hasan Miraz
200s,0,0,0,0,Mehidy Hasan Miraz
300s,0,0,0,0,Mehidy Hasan Miraz
400s,0,0,0,0,Mehidy Hasan Miraz
Matches,94,274,102,0,Mushfiqur Rahim
Innings,174,256,93,0,Mushfiqur Rahim
Runs,6007,7795,1500,0,Mushfiqur Rahim
Balls,12392,9780,1305,0,Mushfiqur Rahim
Highest,219,144,72,0,Mushfiqur Rahim
Average,37.54,36.26,19.23,0,Mushfiqur Rahim
SR,48.48,79.71,114.95,0,Mushfiqur Rahim
Not Out,14,41,15,0,Mushfiqur Rahim
Fours,713,617,126,0,Mushfiqur Rahim
Sixes,36,100,37,0,Mushfiqur Rahim
Ducks,13,12,8,0,Mushfiqur Rahim
50s,27,49,6,0,Mushfiqur Rahim
100s,11,9,0,0,Mushfiqur Rahim
200s,3,0,0,0,Mushfiqur Rahim
300s,0,0,0,0,Mushfiqur Rahim
400s,0,0,0,0,Mushfiqur Rahim
Matches,48,94,95,1,Litton Das
Innings,84,93,93,1,Litton Das
Runs,2788,2569,2021,4,Litton Das
Balls,4740,2986,1619,4,Litton Das
Highest,141,176,83,4,Litton Das
Average,33.59,29.53,22.46,4,Litton Das
SR,58.82,86.04,124.84,100.00,Litton Das
Not Out,1,6,3,0,Litton Das
Fours,345,274,210,1,Litton Das
Sixes,16,45,58,0,Litton Das
Ducks,2,15,6,0,Litton Das
50s,17,12,11,0,Litton Das
100s,4,5,0,0,Litton Das
200s,0,0,0,0,Litton Das
300s,0,0,0,0,Litton Das
400s,0,0,0,0,Litton Das
Matches,10,34,17,0,Mohammad Mithun
Innings,18,30,13,0,Mohammad Mithun
Runs,333,714,127,0,Mohammad Mithun
Balls,752,921,136,0,Mohammad Mithun
Highest,67,73,47,0,Mohammad Mithun
Average,18.5,27.46,10.58,0,Mohammad Mithun
SR,44.29,77.53,93.39,0,Mohammad Mithun
Not Out,0,4,1,0,Mohammad Mithun
Fours,32,61,10,0,Mohammad Mithun
Sixes,3,16,4,0,Mohammad Mithun
Ducks,4,2,2,0,Mohammad Mithun
50s,2,6,0,0,Mohammad Mithun
100s,0,0,0,0,Mohammad Mithun
200s,0,0,0,0,Mohammad Mithun
300s,0,0,0,0,Mohammad Mithun
400s,0,0,0,0,Mohammad Mithun
Matches,36,220,54,1,Mashrafe Mortaza
Innings,67,158,39,1,Mashrafe Mortaza
Runs,797,1787,377,2,Mashrafe Mortaza
Balls,1186,2041,278,2,Mashrafe Mortaza
Highest,79,51,36,2,Mashrafe Mortaza
Average,12.85,13.75,13.46,0,Mashrafe Mortaza
SR,67.21,87.56,135.62,100.00,Mashrafe Mortaza
Not Out,5,28,11,1,Mashrafe Mortaza
Fours,95,149,28,0,Mashrafe Mortaza
Sixes,22,62,23,0,Mashrafe Mortaza
Ducks,12,15,6,0,Mashrafe Mortaza
50s,3,1,0,0,Mashrafe Mortaza
100s,0,0,0,0,Mashrafe Mortaza
200s,0,0,0,0,Mashrafe Mortaza
300s,0,0,0,0,Mashrafe Mortaza
400s,0,0,0,0,Mashrafe Mortaza
Matches,27,104,28,0,Rubel Hossain
Innings,47,53,15,0,Rubel Hossain
Runs,265,144,20,0,Rubel Hossain
Balls,603,277,36,0,Rubel Hossain
Highest,45,17,8,0,Rubel Hossain
Average,9.46,4.97,4,0,Rubel Hossain
SR,43.95,51.99,55.56,0,Rubel Hossain
Not Out,19,24,10,0,Rubel Hossain
Fours,34,14,1,0,Rubel Hossain
Sixes,4,2,0,0,Rubel Hossain
Ducks,7,11,4,0,Rubel Hossain
50s,0,0,0,0,Rubel Hossain
100s,0,0,0,0,Rubel Hossain
200s,0,0,0,0,Rubel Hossain
300s,0,0,0,0,Rubel Hossain
400s,0,0,0,0,Rubel Hossain
Matches,15,109,106,57,Mustafizur Rahman
Innings,22,54,32,9,Mustafizur Rahman
Runs,66,166,87,13,Mustafizur Rahman
Balls,162,319,117,23,Mustafizur Rahman
Highest,16,20,15,8,Mustafizur Rahman
Average,4.4,7.9,4.58,13,Mustafizur Rahman
SR,40.75,52.04,74.36,56.53,Mustafizur Rahman
Not Out,7,33,13,8,Mustafizur Rahman
Fours,3,18,3,0,Mustafizur Rahman
Sixes,5,1,5,1,Mustafizur Rahman
Ducks,8,9,7,0,Mustafizur Rahman
50s,0,0,0,0,Mustafizur Rahman
100s,0,0,0,0,Mustafizur Rahman
200s,0,0,0,0,Mustafizur Rahman
300s,0,0,0,0,Mustafizur Rahman
400s,0,0,0,0,Mustafizur Rahman
Matches,13,2,3,0,Abu Jayed
Innings,22,0,2,0,Abu Jayed
Runs,36,0,3,0,Abu Jayed
Balls,157,0,7,0,Abu Jayed
Highest,8,0,2,0,Abu Jayed
Average,2.57,0,1.5,0,Abu Jayed
SR,22.93,0,42.86,0,Abu Jayed
Not Out,8,0,0,0,Abu Jayed
Fours,4,0,0,0,Abu Jayed
Sixes,0,0,0,0,Abu Jayed
Ducks,7,0,0,0,Abu Jayed
50s,0,0,0,0,Abu Jayed
100s,0,0,0,0,Abu Jayed
200s,0,0,0,0,Abu Jayed
300s,0,0,0,0,Abu Jayed
400s,0,0,0,0,Abu Jayed
Matches,3,86,92,0,Fakhar Zaman
Innings,6,85,84,0,Fakhar Zaman
Runs,192,3651,1848,0,Fakhar Zaman
Balls,359,3890,1390,0,Fakhar Zaman
Highest,94,210,91,0,Fakhar Zaman
Average,32,46.22,22.81,0,Fakhar Zaman
SR,53.49,93.86,132.95,0,Fakhar Zaman
Not Out,0,6,3,0,Fakhar Zaman
Fours,20,409,172,0,Fakhar Zaman
Sixes,1,79,76,0,Fakhar Zaman
Ducks,0,6,6,0,Fakhar Zaman
50s,2,17,11,0,Fakhar Zaman
100s,0,11,0,0,Fakhar Zaman
200s,0,1,0,0,Fakhar Zaman
300s,0,0,0,0,Fakhar Zaman
400s,0,0,0,0,Fakhar Zaman
Matches,24,75,2,0,Imam
Innings,46,74,2,0,Imam
Runs,1568,3152,21,0,Imam
Balls,3404,3846,25,0,Imam
Highest,157,151,14,0,Imam
Average,37.33,46.35,10.5,0,Imam
SR,46.07,81.96,84.00,0,Imam
Not Out,4,6,0,0,Imam
Fours,170,253,2,0,Imam
Sixes,12,30,0,0,Imam
Ducks,4,3,0,0,Imam
50s,9,20,0,0,Imam
100s,3,9,0,0,Imam
200s,0,0,0,0,Imam
300s,0,0,0,0,Imam
400s,0,0,0,0,Imam
Matches,59,131,128,0,Babar Azam
Innings,108,128,121,0,Babar Azam
Runs,4235,6235,4223,0,Babar Azam
Balls,7787,7089,3268,0,Babar Azam
Highest,196,158,122,0,Babar Azam
Average,42.78,55.18,39.84,0,Babar Azam
SR,54.39,87.96,129.23,0,Babar Azam
Not Out,9,15,15,0,Babar Azam
Fours,495,574,447,0,Babar Azam
Sixes,23,67,73,0,Babar Azam
Ducks,8,4,7,0,Babar Azam
50s,29,37,36,0,Babar Azam
100s,9,19,3,0,Babar Azam
200s,0,0,0,0,Babar Azam
300s,0,0,0,0,Babar Azam
400s,0,0,0,0,Babar Azam
Matches,0,21,58,0,Asif Ali
Innings,0,16,51,0,Asif Ali
Runs,0,382,577,0,Asif Ali
Balls,0,314,431,0,Asif Ali
Highest,0,52,41,0,Asif Ali
Average,0,25.47,15.18,0,Asif Ali
SR,0,121.66,133.88,0,Asif Ali
Not Out,0,1,13,0,Asif Ali
Fours,0,22,27,0,Asif Ali
Sixes,0,21,37,0,Asif Ali
Ducks,0,0,4,0,Asif Ali
50s,0,3,0,0,Asif Ali
100s,0,0,0,0,Asif Ali
200s,0,0,0,0,Asif Ali
300s,0,0,0,0,Asif Ali
400s,0,0,0,0,Asif Ali
Matches,16,45,14,0,Haris Sohail
Innings,27,44,13,0,Haris Sohail
Runs,847,1749,210,0,Haris Sohail
Balls,1936,2045,204,0,Haris Sohail
Highest,147,130,52,0,Haris Sohail
Average,32.58,44.85,19.09,0,Haris Sohail
SR,43.75,85.53,102.95,0,Haris Sohail
Not Out,1,5,2,0,Haris Sohail
Fours,74,138,16,0,Haris Sohail
Sixes,13,28,3,0,Haris Sohail
Ducks,1,1,1,0,Haris Sohail
50s,3,14,2,0,Haris Sohail
100s,2,2,0,0,Haris Sohail
200s,0,0,0,0,Haris Sohail
300s,0,0,0,0,Haris Sohail
400s,0,0,0,0,Haris Sohail
Matches,55,218,119,8,Mohammad Hafeez
Innings,105,216,108,8,Mohammad Hafeez
Runs,3652,6614,2514,64,Mohammad Hafeez
Balls,6520,8634,2060,83,Mohammad Hafeez
Highest,224,140,99,16,Mohammad Hafeez
Average,37.65,32.91,26.46,9.14,Mohammad Hafeez
SR,56.02,76.61,122.04,77.11,Mohammad Hafeez
Not Out,8,15,13,1,Mohammad Hafeez
Fours,455,664,251,7,Mohammad Hafeez
Sixes,28,110,76,2,Mohammad Hafeez
Ducks,8,19,7,0,Mohammad Hafeez
50s,12,38,14,0,Mohammad Hafeez
100s,10,11,0,0,Mohammad Hafeez
200s,1,0,0,0,Mohammad Hafeez
300s,0,0,0,0,Mohammad Hafeez
400s,0,0,0,0,Mohammad Hafeez
Matches,35,287,124,7,Shoaib Malik
Innings,60,258,111,5,Shoaib Malik
Runs,1898,7534,2435,52,Shoaib Malik
Balls,4155,9199,1938,47,Shoaib Malik
Highest,245,143,75,24,Shoaib Malik
Average,35.15,34.56,31.22,13,Shoaib Malik
SR,45.68,81.91,125.65,110.64,Shoaib Malik
Not Out,6,40,33,1,Shoaib Malik
Fours,239,603,196,5,Shoaib Malik
Sixes,17,113,69,0,Shoaib Malik
Ducks,6,15,2,0,Shoaib Malik
50s,8,44,9,0,Shoaib Malik
100s,3,9,0,0,Shoaib Malik
200s,1,0,0,0,Shoaib Malik
300s,0,0,0,0,Shoaib Malik
400s,0,0,0,0,Shoaib Malik
Matches,6,70,109,0,Shadab Khan
Innings,11,44,56,0,Shadab Khan
Runs,300,855,737,0,Shadab Khan
Balls,479,997,530,0,Shadab Khan
Highest,56,86,52,0,Shadab Khan
Average,33.33,25.91,17.55,0,Shadab Khan
SR,62.64,85.76,139.06,0,Shadab Khan
Not Out,2,11,14,0,Shadab Khan
Fours,38,51,51,0,Shadab Khan
Sixes,0,19,36,0,Shadab Khan
Ducks,0,3,6,0,Shadab Khan
50s,3,4,1,0,Shadab Khan
100s,0,0,0,0,Shadab Khan
200s,0,0,0,0,Shadab Khan
300s,0,0,0,0,Shadab Khan
400s,0,0,0,0,Shadab Khan
Matches,0,55,75,0,Imad Wasim
Innings,0,40,50,0,Imad Wasim
Runs,0,986,554,0,Imad Wasim
Balls,0,894,426,0,Imad Wasim
Highest,0,63,64,0,Imad Wasim
Average,0,42.87,15.83,0,Imad Wasim
SR,0,110.30,130.05,0,Imad Wasim
Not Out,0,17,15,0,Imad Wasim
Fours,0,91,55,0,Imad Wasim
Sixes,0,19,12,0,Imad Wasim
Ducks,0,1,6,0,Imad Wasim
50s,0,5,1,0,Imad Wasim
100s,0,0,0,0,Imad Wasim
200s,0,0,0,0,Imad Wasim
300s,0,0,0,0,Imad Wasim
400s,0,0,0,0,Imad Wasim
Matches,54,117,61,0,Sarfaraz Ahmed
Innings,95,91,42,0,Sarfaraz Ahmed
Runs,3031,2315,818,0,Sarfaraz Ahmed
Balls,4320,2635,653,0,Sarfaraz Ahmed
Highest,118,105,89,0,Sarfaraz Ahmed
Average,36.96,33.55,27.27,0,Sarfaraz Ahmed
SR,70.17,87.86,125.27,0,Sarfaraz Ahmed
Not Out,13,22,12,0,Sarfaraz Ahmed
Fours,309,174,79,0,Sarfaraz Ahmed
Sixes,9,12,15,0,Sarfaraz Ahmed
Ducks,4,1,2,0,Sarfaraz Ahmed
50s,21,11,3,0,Sarfaraz Ahmed
100s,4,2,0,0,Sarfaraz Ahmed
200s,0,0,0,0,Sarfaraz Ahmed
300s,0,0,0,0,Sarfaraz Ahmed
400s,0,0,0,0,Sarfaraz Ahmed
Matches,27,91,36,0,Wahab Riaz
Innings,41,66,18,0,Wahab Riaz
Runs,306,740,154,0,Wahab Riaz
Balls,727,849,123,0,Wahab Riaz
Highest,39,54,30,0,Wahab Riaz
Average,8.5,14.51,12.83,0,Wahab Riaz
SR,42.10,87.17,125.21,0,Wahab Riaz
Not Out,5,15,6,0,Wahab Riaz
Fours,32,55,10,0,Wahab Riaz
Sixes,5,30,7,0,Wahab Riaz
Ducks,9,12,2,0,Wahab Riaz
50s,0,3,0,0,Wahab Riaz
100s,0,0,0,0,Wahab Riaz
200s,0,0,0,0,Wahab Riaz
300s,0,0,0,0,Wahab Riaz
400s,0,0,0,0,Wahab Riaz
Matches,31,64,79,0,Shaheen Afridi
Innings,41,37,27,0,Shaheen Afridi
Runs,249,261,211,0,Shaheen Afridi
Balls,556,310,174,0,Shaheen Afridi
Highest,29,25,23,0,Shaheen Afridi
Average,8.03,13.05,12.41,0,Shaheen Afridi
SR,44.79,84.20,121.27,0,Shaheen Afridi
Not Out,10,17,10,0,Shaheen Afridi
Fours,31,23,12,0,Shaheen Afridi
Sixes,5,10,15,0,Shaheen Afridi
Ducks,9,6,4,0,Shaheen Afridi
50s,0,0,0,0,Shaheen Afridi
100s,0,0,0,0,Shaheen Afridi
200s,0,0,0,0,Shaheen Afridi
300s,0,0,0,0,Shaheen Afridi
400s,0,0,0,0,Shaheen Afridi
Matches,24,66,51,0,Hasan Ali
Innings,38,38,19,0,Hasan Ali
Runs,382,383,129,0,Hasan Ali
Balls,527,327,69,0,Hasan Ali
Highest,30,59,23,0,Hasan Ali
Average,11.94,14.19,14.33,0,Hasan Ali
SR,72.49,117.13,186.96,0,Hasan Ali
Not Out,6,11,10,0,Hasan Ali
Fours,34,28,7,0,Hasan Ali
Sixes,20,24,11,0,Hasan Ali
Ducks,7,4,4,0,Hasan Ali
50s,0,2,0,0,Hasan Ali
100s,0,0,0,0,Hasan Ali
200s,0,0,0,0,Hasan Ali
300s,0,0,0,0,Hasan Ali
400s,0,0,0,0,Hasan Ali
Matches,0,15,28,0,Mohammad Hasnain
Innings,0,7,12,0,Mohammad Hasnain
Runs,0,53,24,0,Mohammad Hasnain
Balls,0,34,26,0,Mohammad Hasnain
Highest,0,28,8,0,Mohammad Hasnain
Average,0,17.67,24,0,Mohammad Hasnain
SR,0,155.89,92.31,0,Mohammad Hasnain
Not Out,0,4,11,0,Mohammad Hasnain
Fours,0,9,2,0,Mohammad Hasnain
Sixes,0,1,1,0,Mohammad Hasnain
Ducks,0,1,0,0,Mohammad Hasnain
50s,0,0,0,0,Mohammad Hasnain
100s,0,0,0,0,Mohammad Hasnain
200s,0,0,0,0,Mohammad Hasnain
300s,0,0,0,0,Mohammad Hasnain
400s,0,0,0,0,Mohammad Hasnain
Matches,36,61,62,0,Mohammad Amir
Innings,67,30,17,0,Mohammad Amir
Runs,751,363,65,0,Mohammad Amir
Balls,1980,444,76,0,Mohammad Amir
Highest,48,73,21,0,Mohammad Amir
Average,13.41,18.15,7.22,0,Mohammad Amir
SR,37.93,81.76,85.53,0,Mohammad Amir
Not Out,11,10,8,0,Mohammad Amir
Fours,91,32,3,0,Mohammad Amir
Sixes,3,8,3,0,Mohammad Amir
Ducks,7,5,2,0,Mohammad Amir
50s,0,2,0,0,Mohammad Amir
100s,0,0,0,0,Mohammad Amir
200s,0,0,0,0,Mohammad Amir
300s,0,0,0,0,Mohammad Amir
400s,0,0,0,0,Mohammad Amir
Matches,44,127,26,0,Lahiru Thirimanne
Innings,85,105,20,0,Lahiru Thirimanne
Runs,2088,3164,291,0,Lahiru Thirimanne
Balls,5294,4389,267,0,Lahiru Thirimanne
Highest,155,139,44,0,Lahiru Thirimanne
Average,26.43,34.77,16.17,0,Lahiru Thirimanne
SR,39.45,72.09,108.99,0,Lahiru Thirimanne
Not Out,6,14,2,0,Lahiru Thirimanne
Fours,207,244,27,0,Lahiru Thirimanne
Sixes,3,25,5,0,Lahiru Thirimanne
Ducks,11,7,1,0,Lahiru Thirimanne
50s,10,21,0,0,Lahiru Thirimanne
100s,3,4,0,0,Lahiru Thirimanne
200s,0,0,0,0,Lahiru Thirimanne
300s,0,0,0,0,Lahiru Thirimanne
400s,0,0,0,0,Lahiru Thirimanne
Matches,100,50,0,0,Dimuth Karunaratne
Innings,191,46,0,0,Dimuth Karunaratne
Runs,7222,1316,0,0,Dimuth Karunaratne
Balls,14024,1655,0,0,Dimuth Karunaratne
Highest,244,103,0,0,Dimuth Karunaratne
Average,39.25,31.33,0,0,Dimuth Karunaratne
SR,51.5,79.52,0,0,Dimuth Karunaratne
Not Out,7,4,0,0,Dimuth Karunaratne
Fours,764,131,0,0,Dimuth Karunaratne
Sixes,12,1,0,0,Dimuth Karunaratne
Ducks,13,4,0,0,Dimuth Karunaratne
50s,39,11,0,0,Dimuth Karunaratne
100s,16,1,0,0,Dimuth Karunaratne
200s,1,0,0,0,Dimuth Karunaratne
300s,0,0,0,0,Dimuth Karunaratne
400s,0,0,0,0,Dimuth Karunaratne
Matches,0,51,37,0,Avishka Fernando
Innings,0,50,35,0,Avishka Fernando
Runs,0,1589,363,0,Avishka Fernando
Balls,0,1787,386,0,Avishka Fernando
Highest,0,127,37,0,Avishka Fernando
Average,0,31.78,11,0,Avishka Fernando
SR,0,88.92,94.05,0,Avishka Fernando
Not Out,0,0,2,0,Avishka Fernando
Fours,0,165,28,0,Avishka Fernando
Sixes,0,31,8,0,Avishka Fernando
Ducks,0,5,5,0,Avishka Fernando
50s,0,9,0,0,Avishka Fernando
100s,0,4,0,0,Avishka Fernando
200s,0,0,0,0,Avishka Fernando
300s,0,0,0,0,Avishka Fernando
400s,0,0,0,0,Avishka Fernando
Matches,118,226,90,49,Angelo Mathews
Innings,210,194,73,42,Angelo Mathews
Runs,8167,5916,1416,724,Angelo Mathews
Balls,16856,7135,1175,575,Angelo Mathews
Highest,200,139,81,65,Angelo Mathews
Average,44.63,40.52,27.76,23.35,Angelo Mathews
SR,48.46,82.92,120.52,125.92,Angelo Mathews
Not Out,27,48,22,11,Angelo Mathews
Fours,831,468,92,44,Angelo Mathews
Sixes,89,90,50,29,Angelo Mathews
Ducks,6,16,1,3,Angelo Mathews
50s,45,40,6,1,Angelo Mathews
100s,16,3,0,0,Angelo Mathews
200s,1,0,0,0,Angelo Mathews
300s,0,0,0,0,Angelo Mathews
400s,0,0,0,0,Angelo Mathews
Matches,63,90,45,0,Dhananjaya de Silva
Innings,112,82,44,0,Dhananjaya de Silva
Runs,4095,1865,847,0,Dhananjaya de Silva
Balls,7013,2373,731,0,Dhananjaya de Silva
Highest,173,93,66,0,Dhananjaya de Silva
Average,38.63,25.9,21.18,0,Dhananjaya de Silva
SR,58.4,78.6,115.87,0,Dhananjaya de Silva
Not Out,6,10,4,0,Dhananjaya de Silva
Fours,495,186,71,0,Dhananjaya de Silva
Sixes,35,17,18,0,Dhananjaya de Silva
Ducks,10,4,2,0,Dhananjaya de Silva
50s,19,10,3,0,Dhananjaya de Silva
100s,12,0,0,0,Dhananjaya de Silva
200s,0,0,0,0,Dhananjaya de Silva
300s,0,0,0,0,Dhananjaya de Silva
400s,0,0,0,0,Dhananjaya de Silva
Matches,5,27,22,0,Milinda Siriwardana
Innings,9,24,19,0,Milinda Siriwardana
Runs,298,516,275,0,Milinda Siriwardana
Balls,454,525,208,0,Milinda Siriwardana
Highest,68,66,42,0,Milinda Siriwardana
Average,33.11,22.43,17.19,0,Milinda Siriwardana
SR,65.64,98.29,132.22,0,Milinda Siriwardana
Not Out,0,1,3,0,Milinda Siriwardana
Fours,32,39,16,0,Milinda Siriwardana
Sixes,11,13,12,0,Milinda Siriwardana
Ducks,1,1,4,0,Milinda Siriwardana
50s,2,3,0,0,Milinda Siriwardana
100s,0,0,0,0,Milinda Siriwardana
200s,0,0,0,0,Milinda Siriwardana
300s,0,0,0,0,Milinda Siriwardana
400s,0,0,0,0,Milinda Siriwardana
Matches,6,166,84,37,Thisara Perera
Innings,10,133,74,30,Thisara Perera
Runs,203,2338,1204,422,Thisara Perera
Balls,278,2086,794,307,Thisara Perera
Highest,75,140,61,40,Thisara Perera
Average,20.3,19.98,23.15,19.18,Thisara Perera
SR,73.03,112.09,151.64,137.46,Thisara Perera
Not Out,0,16,22,8,Thisara Perera
Fours,21,176,88,23,Thisara Perera
Sixes,4,84,64,26,Thisara Perera
Ducks,0,11,8,1,Thisara Perera
50s,1,10,3,0,Thisara Perera
100s,0,1,0,0,Thisara Perera
200s,0,0,0,0,Thisara Perera
300s,0,0,0,0,Thisara Perera
400s,0,0,0,0,Thisara Perera
Matches,0,21,35,10,Isuru Udana
Innings,0,18,25,4,Isuru Udana
Runs,0,237,256,15,Isuru Udana
Balls,0,249,186,11,Isuru Udana
Highest,0,78,84,10,Isuru Udana
Average,0,16.93,18.29,5,Isuru Udana
SR,0,95.19,137.64,136.37,Isuru Udana
Not Out,0,4,11,1,Isuru Udana
Fours,0,17,16,1,Isuru Udana
Sixes,0,10,14,1,Isuru Udana
Ducks,0,2,3,1,Isuru Udana
50s,0,1,1,0,Isuru Udana
100s,0,0,0,0,Isuru Udana
200s,0,0,0,0,Isuru Udana
300s,0,0,0,0,Isuru Udana
400s,0,0,0,0,Isuru Udana
Matches,0,58,22,3,Jeevan Mendis
Innings,0,44,15,3,Jeevan Mendis
Runs,0,636,208,23,Jeevan Mendis
Balls,0,769,174,27,Jeevan Mendis
Highest,0,72,43,12,Jeevan Mendis
Average,0,18.71,18.91,7.67,Jeevan Mendis
SR,0,82.71,119.55,85.19,Jeevan Mendis
Not Out,0,10,4,0,Jeevan Mendis
Fours,0,48,18,0,Jeevan Mendis
Sixes,0,13,6,0,Jeevan Mendis
Ducks,0,2,1,1,Jeevan Mendis
50s,0,1,0,0,Jeevan Mendis
100s,0,0,0,0,Jeevan Mendis
200s,0,0,0,0,Jeevan Mendis
300s,0,0,0,0,Jeevan Mendis
400s,0,0,0,0,Jeevan Mendis
Matches,22,116,77,2,Kusal Perera
Innings,41,111,76,2,Kusal Perera
Runs,1177,3237,2056,14,Kusal Perera
Balls,1629,3484,1533,13,Kusal Perera
Highest,153,135,101,14,Kusal Perera
Average,30.97,30.25,28.16,7,Kusal Perera
SR,72.26,92.92,134.12,107.7,Kusal Perera
Not Out,3,4,3,0,Kusal Perera
Fours,151,362,199,3,Kusal Perera
Sixes,12,52,65,0,Kusal Perera
Ducks,5,12,4,1,Kusal Perera
50s,7,17,15,0,Kusal Perera
100s,2,6,1,0,Kusal Perera
200s,0,0,0,0,Kusal Perera
300s,0,0,0,0,Kusal Perera
400s,0,0,0,0,Kusal Perera
Matches,71,143,78,0,Kusal Mendis
Innings,133,140,78,0,Kusal Mendis
Runs,4668,4429,1920,0,Kusal Mendis
Balls,8012,5076,1458,0,Kusal Mendis
Highest,245,143,86,0,Kusal Mendis
Average,36.76,34.33,25.6,0,Kusal Mendis
SR,58.27,87.26,131.69,0,Kusal Mendis
Not Out,6,11,3,0,Kusal Mendis
Fours,563,445,165,0,Kusal Mendis
Sixes,50,74,81,0,Kusal Mendis
Ducks,14,14,6,0,Kusal Mendis
50s,21,33,15,0,Kusal Mendis
100s,10,5,0,0,Kusal Mendis
200s,1,0,0,0,Kusal Mendis
300s,0,0,0,0,Kusal Mendis
400s,0,0,0,0,Kusal Mendis
Matches,70,86,11,0,Suranga Lakmal
Innings,109,48,6,0,Suranga Lakmal
Runs,935,244,7,0,Suranga Lakmal
Balls,1936,404,11,0,Suranga Lakmal
Highest,42,26,5,0,Suranga Lakmal
Average,11.13,9.38,2.33,0,Suranga Lakmal
SR,48.3,60.4,63.64,0,Suranga Lakmal
Not Out,25,22,3,0,Suranga Lakmal
Fours,114,18,1,0,Suranga Lakmal
Sixes,12,3,0,0,Suranga Lakmal
Ducks,21,9,2,0,Suranga Lakmal
50s,0,0,0,0,Suranga Lakmal
100s,0,0,0,0,Suranga Lakmal
200s,0,0,0,0,Suranga Lakmal
300s,0,0,0,0,Suranga Lakmal
400s,0,0,0,0,Suranga Lakmal
Matches,30,226,84,122,Lasith Malinga
Innings,37,120,33,25,Lasith Malinga
Runs,275,567,136,88,Lasith Malinga
Balls,619,761,161,99,Lasith Malinga
Highest,64,56,27,17,Lasith Malinga
Average,11.46,6.83,6.48,5.5,Lasith Malinga
SR,44.43,74.51,84.48,88.89,Lasith Malinga
Not Out,13,37,12,9,Lasith Malinga
Fours,36,45,9,6,Lasith Malinga
Sixes,6,21,5,5,Lasith Malinga
Ducks,9,26,8,6,Lasith Malinga
50s,1,1,0,0,Lasith Malinga
100s,0,0,0,0,Lasith Malinga
200s,0,0,0,0,Lasith Malinga
300s,0,0,0,0,Lasith Malinga
400s,0,0,0,0,Lasith Malinga
Matches,2,27,14,0,Jeffrey Vandersay
Innings,4,15,8,0,Jeffrey Vandersay
Runs,71,112,20,0,Jeffrey Vandersay
Balls,77,234,20,0,Jeffrey Vandersay
Highest,53,25,8,0,Jeffrey Vandersay
Average,17.75,11.2,20,0,Jeffrey Vandersay
SR,92.21,47.87,100,0,Jeffrey Vandersay
Not Out,0,5,7,0,Jeffrey Vandersay
Fours,10,5,3,0,Jeffrey Vandersay
Sixes,2,0,0,0,Jeffrey Vandersay
Ducks,0,2,0,0,Jeffrey Vandersay
50s,1,0,0,0,Jeffrey Vandersay
100s,0,0,0,0,Jeffrey Vandersay
200s,0,0,0,0,Jeffrey Vandersay
300s,0,0,0,0,Jeffrey Vandersay
400s,0,0,0,0,Jeffrey Vandersay
Matches,28,49,16,0,Nuwan Pradeep
Innings,50,25,6,0,Nuwan Pradeep
Runs,132,35,10,0,Nuwan Pradeep
Balls,361,83,15,0,Nuwan Pradeep
Highest,17,7,8,0,Nuwan Pradeep
Average,4,4.38,10,0,Nuwan Pradeep
SR,36.57,42.17,66.67,0,Nuwan Pradeep
Not Out,17,17,5,0,Nuwan Pradeep
Fours,19,3,1,0,Nuwan Pradeep
Sixes,0,1,0,0,Nuwan Pradeep
Ducks,18,4,1,0,Nuwan Pradeep
50s,0,0,0,0,Nuwan Pradeep
100s,0,0,0,0,Nuwan Pradeep
200s,0,0,0,0,Nuwan Pradeep
300s,0,0,0,0,Nuwan Pradeep
400s,0,0,0,0,Nuwan Pradeep
Matches,16,248,115,83,Eoin Morgan
Innings,24,230,106,75,Eoin Morgan
Runs,700,7701,2458,1405,Eoin Morgan
Balls,1278,8447,1805,1146,Eoin Morgan
Highest,130,148,91,68,Eoin Morgan
Average,30.43,39.09,28.58,22.66,Eoin Morgan
SR,54.78,91.17,136.18,122.61,Eoin Morgan
Not Out,1,33,20,13,Eoin Morgan
Fours,77,654,186,112,Eoin Morgan
Sixes,6,220,120,64,Eoin Morgan
Ducks,4,18,3,6,Eoin Morgan
50s,3,47,14,5,Eoin Morgan
100s,2,14,0,0,Eoin Morgan
200s,0,0,0,0,Eoin Morgan
300s,0,0,0,0,Eoin Morgan
400s,0,0,0,0,Eoin Morgan
Matches,152,177,32,3,Joe Root
Innings,278,166,30,1,Joe Root
Runs,12972,6859,893,10,Joe Root
Balls,22568,7881,707,15,Joe Root
Highest,262,133,90,10,Joe Root
Average,50.87,47.97,35.72,10,Joe Root
SR,57.48,87.04,126.31,66.67,Joe Root
Not Out,23,23,5,0,Joe Root
Fours,1394,548,92,1,Joe Root
Sixes,45,51,16,0,Joe Root
Ducks,13,9,2,0,Joe Root
50s,65,41,5,0,Joe Root
100s,36,17,0,0,Joe Root
200s,6,0,0,0,Joe Root
300s,0,0,0,0,Joe Root
400s,0,0,0,0,Joe Root
Matches,5,116,64,21,Jason Roy
Innings,10,110,64,21,Jason Roy
Runs,187,4271,1522,614,Jason Roy
Balls,318,4047,1106,443,Jason Roy
Highest,72,180,78,91,Jason Roy
Average,18.7,39.92,23.78,32.32,Jason Roy
SR,58.81,105.54,137.62,138.61,Jason Roy
Not Out,0,3,0,2,Jason Roy
Fours,26,511,153,75,Jason Roy
Sixes,1,81,69,21,Jason Roy
Ducks,1,11,7,0,Jason Roy
50s,1,21,8,4,Jason Roy
100s,0,12,0,0,Jason Roy
200s,0,0,0,0,Jason Roy
300s,0,0,0,0,Jason Roy
400s,0,0,0,0,Jason Roy
Matches,22,30,62,1,Dawid Malan
Innings,39,30,60,1,Dawid Malan
Runs,1074,1450,1892,26,Dawid Malan
Balls,2622,1488,1428,26,Dawid Malan
Highest,140,140,103,26,Dawid Malan
Average,27.54,55.77,36.38,26,Dawid Malan
SR,40.97,97.45,132.50,100.00,Dawid Malan
Not Out,0,4,8,0,Dawid Malan
Fours,146,150,194,1,Dawid Malan
Sixes,1,32,62,1,Dawid Malan
Ducks,2,5,2,0,Dawid Malan
50s,9,7,16,0,Dawid Malan
100s,1,6,1,0,Dawid Malan
200s,0,0,0,0,Dawid Malan
300s,0,0,0,0,Dawid Malan
400s,0,0,0,0,Dawid Malan
Matches,68,138,92,70,Moeen Ali
Innings,118,112,75,58,Moeen Ali
Runs,3094,2355,1229,1167,Moeen Ali
Balls,5973,2398,863,833,Moeen Ali
Highest,155,128,72,93,Moeen Ali
Average,28.13,24.28,21.19,22.44,Moeen Ali
SR,51.80,98.21,142.42,140.10,Moeen Ali
Not Out,8,15,17,6,Moeen Ali
Fours,375,203,88,95,Moeen Ali
Sixes,34,78,68,67,Moeen Ali
Ducks,15,6,9,5,Moeen Ali
50s,15,6,7,6,Moeen Ali
100s,5,3,0,0,Moeen Ali
200s,0,0,0,0,Moeen Ali
300s,0,0,0,0,Moeen Ali
400s,0,0,0,0,Moeen Ali
Matches,110,114,43,45,Ben Stokes
Innings,198,99,36,44,Ben Stokes
Runs,6719,3463,585,935,Ben Stokes
Balls,11251,3619,457,698,Ben Stokes
Highest,258,182,52,107,Ben Stokes
Average,35.55,41.23,21.67,24.61,Ben Stokes
SR,59.72,95.69,128.01,133.96,Ben Stokes
Not Out,9,15,9,6,Ben Stokes
Fours,779,282,42,81,Ben Stokes
Sixes,133,109,22,32,Ben Stokes
Ducks,15,7,1,3,Ben Stokes
50s,35,24,1,2,Ben Stokes
100s,13,5,0,2,Ben Stokes
200s,1,0,0,0,Ben Stokes
300s,0,0,0,0,Ben Stokes
400s,0,0,0,0,Ben Stokes
Matches,1,39,60,45,Liam Livingstone
Innings,2,36,47,44,Liam Livingstone
Runs,16,932,955,1022,Liam Livingstone
Balls,18,862,641,640,Liam Livingstone
Highest,9,124,103,94,Liam Livingstone
Average,16,31.07,25.13,27.62,Liam Livingstone
SR,88.89,108.13,148.99,159.69,Liam Livingstone
Not Out,1,6,9,7,Liam Livingstone
Fours,0,58,54,69,Liam Livingstone
Sixes,1,50,59,73,Liam Livingstone
Ducks,0,4,3,2,Liam Livingstone
50s,0,4,2,7,Liam Livingstone
100s,0,1,1,0,Liam Livingstone
200s,0,0,0,0,Liam Livingstone
300s,0,0,0,0,Liam Livingstone
400s,0,0,0,0,Liam Livingstone
Matches,57,122,33,21,Chris Woakes
Innings,92,88,17,12,Chris Woakes
Runs,1970,1524,146,78,Chris Woakes
Balls,3688,1710,117,77,Chris Woakes
Highest,137,95,37,18,Chris Woakes
Average,26.27,23.81,16.22,13,Chris Woakes
SR,53.42,89.13,124.79,101.30,Chris Woakes
Not Out,17,24,8,6,Chris Woakes
Fours,250,118,9,7,Chris Woakes
Sixes,7,21,7,2,Chris Woakes
Ducks,10,8,2,0,Chris Woakes
50s,7,6,0,0,Chris Woakes
100s,1,0,0,0,Chris Woakes
200s,0,0,0,0,Chris Woakes
300s,0,0,0,0,Chris Woakes
400s,0,0,0,0,Chris Woakes
Matches,2,28,30,13,Tom Curran
Innings,3,17,13,10,Tom Curran
Runs,66,303,64,127,Tom Curran
Balls,120,321,56,107,Tom Curran
Highest,39,47,14,54,Tom Curran
Average,33,37.88,10.67,25.4,Tom Curran
SR,55.00,94.40,114.29,118.70,Tom Curran
Not Out,1,9,7,5,Tom Curran
Fours,12,29,1,10,Tom Curran
Sixes,0,5,4,3,Tom Curran
Ducks,0,2,0,0,Tom Curran
50s,0,0,0,1,Tom Curran
100s,0,0,0,0,Tom Curran
200s,0,0,0,0,Tom Curran
300s,0,0,0,0,Tom Curran
400s,0,0,0,0,Tom Curran
Matches,0,3,9,0,Lewis Gregory
Innings,0,2,7,0,Lewis Gregory
Runs,0,117,45,0,Lewis Gregory
Balls,0,116,41,0,Lewis Gregory
Highest,0,77,15,0,Lewis Gregory
Average,0,58.5,7.5,0,Lewis Gregory
SR,0,100.87,109.76,0,Lewis Gregory
Not Out,0,0,1,0,Lewis Gregory
Fours,0,10,2,0,Lewis Gregory
Sixes,0,3,2,0,Lewis Gregory
Ducks,0,0,1,0,Lewis Gregory
50s,0,1,0,0,Lewis Gregory
100s,0,0,0,0,Lewis Gregory
200s,0,0,0,0,Lewis Gregory
300s,0,0,0,0,Lewis Gregory
400s,0,0,0,0,Lewis Gregory
Matches,24,35,58,61,Sam Curran
Innings,38,27,34,50,Sam Curran
Runs,815,597,356,895,Sam Curran
Balls,1271,649,286,669,Sam Curran
Highest,78,95,50,63,Sam Curran
Average,24.7,24.88,14.24,24.19,Sam Curran
SR,64.13,91.99,124.48,133.79,Sam Curran
Not Out,5,3,9,13,Sam Curran
Fours,96,37,21,74,Sam Curran
Sixes,21,22,15,37,Sam Curran
Ducks,7,1,0,4,Sam Curran
50s,3,2,1,5,Sam Curran
100s,0,0,0,0,Sam Curran
200s,0,0,0,0,Sam Curran
300s,0,0,0,0,Sam Curran
400s,0,0,0,0,Sam Curran
Matches,100,107,80,50,Jonny Bairstow
Innings,178,98,72,50,Jonny Bairstow
Runs,6042,3868,1671,1589,Jonny Bairstow
Balls,10228,3758,1215,1100,Jonny Bairstow
Highest,167,141,90,114,Jonny Bairstow
Average,36.4,42.98,29.84,34.54,Jonny Bairstow
SR,59.08,102.93,137.54,144.46,Jonny Bairstow
Not Out,12,8,16,4,Jonny Bairstow
Fours,721,437,148,166,Jonny Bairstow
Sixes,56,92,76,69,Jonny Bairstow
Ducks,17,9,6,3,Jonny Bairstow
50s,26,17,10,9,Jonny Bairstow
100s,12,11,0,2,Jonny Bairstow
200s,0,0,0,0,Jonny Bairstow
300s,0,0,0,0,Jonny Bairstow
400s,0,0,0,0,Jonny Bairstow
Matches,57,187,134,113,Jos Buttler
Innings,100,160,123,112,Jos Buttler
Runs,2907,5196,3535,3800,Jos Buttler
Balls,5365,4506,2411,2566,Jos Buttler
Highest,152,162,101,124,Jos Buttler
Average,31.95,39.07,35.35,38.38,Jos Buttler
SR,54.19,115.32,146.62,148.10,Jos Buttler
Not Out,9,27,23,13,Jos Buttler
Fours,339,414,322,376,Jos Buttler
Sixes,33,173,152,170,Jos Buttler
Ducks,9,14,8,8,Jos Buttler
50s,18,27,26,21,Jos Buttler
100s,2,11,1,7,Jos Buttler
200s,0,0,0,0,Jos Buttler
300s,0,0,0,0,Jos Buttler
400s,0,0,0,0,Jos Buttler
Matches,3,28,37,30,Sam Billings
Innings,3,23,33,27,Sam Billings
Runs,66,702,478,503,Sam Billings
Balls,114,771,368,388,Sam Billings
Highest,36,118,87,56,Sam Billings
Average,22,33.43,17.07,19.35,Sam Billings
SR,57.90,91.06,129.90,129.64,Sam Billings
Not Out,0,2,5,1,Sam Billings
Fours,10,74,41,40,Sam Billings
Sixes,0,8,16,20,Sam Billings
Ducks,0,1,1,3,Sam Billings
50s,0,5,2,3,Sam Billings
100s,0,1,0,0,Sam Billings
200s,0,0,0,0,Sam Billings
300s,0,0,0,0,Sam Billings
400s,0,0,0,0,Sam Billings
Matches,19,149,124,3,Adil Rashid
Innings,33,79,41,2,Adil Rashid
Runs,540,934,155,22,Adil Rashid
Balls,1270,971,175,16,Adil Rashid
Highest,61,69,22,18,Adil Rashid
Average,19.29,17.3,7.38,11,Adil Rashid
SR,42.52,96.19,88.58,137.50,Adil Rashid
Not Out,5,25,20,0,Adil Rashid
Fours,62,91,12,2,Adil Rashid
Sixes,4,13,1,1,Adil Rashid
Ducks,3,8,3,0,Adil Rashid
50s,2,1,0,0,Adil Rashid
100s,0,0,0,0,Adil Rashid
200s,0,0,0,0,Adil Rashid
300s,0,0,0,0,Adil Rashid
400s,0,0,0,0,Adil Rashid
Matches,37,70,38,5,Mark Wood
Innings,62,29,7,3,Mark Wood
Runs,807,168,27,12,Mark Wood
Balls,1141,167,28,8,Mark Wood
Highest,52,43,10,10,Mark Wood
Average,15.82,12.92,13.5,6,Mark Wood
SR,70.73,100.60,96.43,150.00,Mark Wood
Not Out,11,16,5,1,Mark Wood
Fours,107,16,2,1,Mark Wood
Sixes,20,5,0,1,Mark Wood
Ducks,10,5,1,0,Mark Wood
50s,1,0,0,0,Mark Wood
100s,0,0,0,0,Mark Wood
200s,0,0,0,0,Mark Wood
300s,0,0,0,0,Mark Wood
400s,0,0,0,0,Mark Wood
Matches,13,31,34,47,Jofra Archer
Innings,20,18,12,29,Jofra Archer
Runs,155,162,82,220,Jofra Archer
Balls,306,150,62,142,Jofra Archer
Highest,30,38,21,27,Jofra Archer
Average,7.75,18,11.71,13.75,Jofra Archer
SR,50.66,108.00,132.26,154.93,Jofra Archer
Not Out,0,9,5,13,Jofra Archer
Fours,22,18,6,11,Jofra Archer
Sixes,1,5,4,16,Jofra Archer
Ducks,3,2,3,4,Jofra Archer
50s,0,0,0,0,Jofra Archer
100s,0,0,0,0,Jofra Archer
200s,0,0,0,0,Jofra Archer
300s,0,0,0,0,Jofra Archer
400s,0,0,0,0,Jofra Archer
Matches,5,10,1,0,Olly Stone
Innings,10,6,1,0,Olly Stone
Runs,102,24,0,0,Olly Stone
Balls,234,35,1,0,Olly Stone
Highest,20,9,0,0,Olly Stone
Average,11.33,8,0,0,Olly Stone
SR,43.59,68.58,0.00,0,Olly Stone
Not Out,1,3,0,0,Olly Stone
Fours,12,2,0,0,Olly Stone
Sixes,1,0,0,0,Olly Stone
Ducks,2,0,1,0,Olly Stone
50s,0,0,0,0,Olly Stone
100s,0,0,0,0,Olly Stone
200s,0,0,0,0,Olly Stone
300s,0,0,0,0,Olly Stone
400s,0,0,0,0,Olly Stone
Matches,0,30,35,5,Reece Topley
Innings,0,14,10,1,Reece Topley
Runs,0,35,17,3,Reece Topley
Balls,0,70,20,6,Reece Topley
Highest,0,15,9,3,Reece Topley
Average,0,11.67,8.5,0,Reece Topley
SR,0,50.00,85.00,50.00,Reece Topley
Not Out,0,11,8,1,Reece Topley
Fours,0,3,1,0,Reece Topley
Sixes,0,1,0,0,Reece Topley
Ducks,0,1,1,0,Reece Topley
50s,0,0,0,0,Reece Topley
100s,0,0,0,0,Reece Topley
200s,0,0,0,0,Reece Topley
300s,0,0,0,0,Reece Topley
400s,0,0,0,0,Reece Topley
Matches,8,35,95,34,Chris Jordan
Innings,11,24,57,13,Chris Jordan
Runs,180,184,439,81,Chris Jordan
Balls,320,211,340,77,Chris Jordan
Highest,35,38,36,30,Chris Jordan
Average,18,12.27,13.72,8.1,Chris Jordan
SR,56.25,87.21,129.12,105.20,Chris Jordan
Not Out,1,9,25,3,Chris Jordan
Fours,24,12,31,3,Chris Jordan
Sixes,1,5,21,3,Chris Jordan
Ducks,0,3,3,1,Chris Jordan
50s,0,0,0,0,Chris Jordan
100s,0,0,0,0,Chris Jordan
200s,0,0,0,0,Chris Jordan
300s,0,0,0,0,Chris Jordan
400s,0,0,0,0,Chris Jordan
Matches,69,143,50,148,Faf du Plessis
Innings,118,136,50,141,Faf du Plessis
Runs,4163,5507,1528,4652,Faf du Plessis
Balls,8986,6218,1137,3404,Faf du Plessis
Highest,199,185,119,96,Faf du Plessis
Average,40.03,46.67,35.53,35.78,Faf du Plessis
SR,46.33,88.57,134.39,136.67,Faf du Plessis
Not Out,14,18,7,11,Faf du Plessis
Fours,516,495,140,427,Faf du Plessis
Sixes,21,66,50,171,Faf du Plessis
Ducks,9,3,0,7,Faf du Plessis
50s,21,35,10,38,Faf du Plessis
100s,10,12,1,0,Faf du Plessis
200s,0,0,0,0,Faf du Plessis
300s,0,0,0,0,Faf du Plessis
400s,0,0,0,0,Faf du Plessis
Matches,0,178,130,137,David Miller
Innings,0,154,114,131,David Miller
Runs,0,4611,2593,3021,David Miller
Balls,0,4447,1842,2173,David Miller
Highest,0,139,106,101,David Miller
Average,0,42.3,33.24,35.96,David Miller
SR,0,103.69,140.78,139.03,David Miller
Not Out,0,45,36,47,David Miller
Fours,0,342,168,216,David Miller
Sixes,0,144,130,137,David Miller
Ducks,0,9,3,4,David Miller
50s,0,24,8,13,David Miller
100s,0,7,2,1,David Miller
200s,0,0,0,0,David Miller
300s,0,0,0,0,David Miller
400s,0,0,0,0,David Miller
Matches,45,77,57,51,Aiden Markram
Innings,82,73,53,49,Aiden Markram
Runs,2857,2371,1367,1203,Aiden Markram
Balls,4803,2436,950,905,Aiden Markram
Highest,152,175,70,68,Aiden Markram
Average,35.71,37.05,30.38,30.08,Aiden Markram
SR,59.49,97.34,143.90,132.93,Aiden Markram
Not Out,2,9,8,9,Aiden Markram
Fours,412,236,123,94,Aiden Markram
Sixes,14,55,56,44,Aiden Markram
Ducks,6,4,2,2,Aiden Markram
50s,13,12,9,7,Aiden Markram
100s,7,3,0,0,Aiden Markram
200s,0,0,0,0,Aiden Markram
300s,0,0,0,0,Aiden Markram
400s,0,0,0,0,Aiden Markram
Matches,18,71,50,3,Rassie van der Dussen
Innings,32,66,46,3,Rassie van der Dussen
Runs,905,2657,1257,22,Rassie van der Dussen
Balls,2221,3053,971,24,Rassie van der Dussen
Highest,98,134,94,12,Rassie van der Dussen
Average,30.17,50.13,33.97,11,Rassie van der Dussen
SR,40.75,87.03,129.46,91.67,Rassie van der Dussen
Not Out,2,13,9,1,Rassie van der Dussen
Fours,101,206,73,2,Rassie van der Dussen
Sixes,4,50,60,0,Rassie van der Dussen
Ducks,3,3,2,0,Rassie van der Dussen
50s,6,17,9,0,Rassie van der Dussen
100s,0,6,0,0,Rassie van der Dussen
200s,0,0,0,0,Rassie van der Dussen
300s,0,0,0,0,Rassie van der Dussen
400s,0,0,0,0,Rassie van der Dussen
Matches,46,199,81,83,Jean
Innings,74,179,75,77,Jean
Runs,2103,5117,1934,2029,Jean
Balls,4544,6050,1532,1636,Jean
Highest,166,150,96,78,Jean
Average,32.86,36.81,38.68,39.78,Jean
SR,46.29,84.58,126.25,124.03,Jean
Not Out,10,40,25,26,Jean
Fours,251,347,138,126,Jean
Sixes,13,75,71,79,Jean
Ducks,9,7,6,1,Jean
50s,8,27,11,14,Jean
100s,6,4,0,0,Jean
200s,0,0,0,0,Jean
300s,0,0,0,0,Jean
400s,0,0,0,0,Jean
Matches,4,85,42,0,Andile Phehlukwayo
Innings,4,57,25,0,Andile Phehlukwayo
Runs,19,884,166,0,Andile Phehlukwayo
Balls,39,1027,153,0,Andile Phehlukwayo
Highest,9,69,27,0,Andile Phehlukwayo
Average,9.5,23.26,9.22,0,Andile Phehlukwayo
SR,48.72,86.08,108.50,0,Andile Phehlukwayo
Not Out,2,19,7,0,Andile Phehlukwayo
Fours,3,77,16,0,Andile Phehlukwayo
Sixes,0,36,5,0,Andile Phehlukwayo
Ducks,1,5,7,0,Andile Phehlukwayo
50s,0,2,0,0,Andile Phehlukwayo
100s,0,0,0,0,Andile Phehlukwayo
200s,0,0,0,0,Andile Phehlukwayo
300s,0,0,0,0,Andile Phehlukwayo
400s,0,0,0,0,Andile Phehlukwayo
Matches,3,27,30,7,Dwaine Pretorius
Innings,6,13,17,5,Dwaine Pretorius
Runs,83,192,261,44,Dwaine Pretorius
Balls,163,224,159,28,Dwaine Pretorius
Highest,37,50,77,22,Dwaine Pretorius
Average,13.83,16,21.75,11,Dwaine Pretorius
SR,50.93,85.72,164.16,157.15,Dwaine Pretorius
Not Out,0,1,5,1,Dwaine Pretorius
Fours,13,14,22,3,Dwaine Pretorius
Sixes,1,5,15,3,Dwaine Pretorius
Ducks,1,1,2,1,Dwaine Pretorius
50s,0,1,1,0,Dwaine Pretorius
100s,0,0,0,0,Dwaine Pretorius
200s,0,0,0,0,Dwaine Pretorius
300s,0,0,0,0,Dwaine Pretorius
400s,0,0,0,0,Dwaine Pretorius
Matches,4,42,23,81,Chris Morris
Innings,7,27,13,51,Chris Morris
Runs,173,468,133,618,Chris Morris
Balls,362,465,102,398,Chris Morris
Highest,69,62,55,82,Chris Morris
Average,24.71,20.35,14.78,22.07,Chris Morris
SR,47.80,100.65,130.40,155.28,Chris Morris
Not Out,0,4,4,23,Chris Morris
Fours,25,36,12,41,Chris Morris
Sixes,0,15,5,35,Chris Morris
Ducks,0,0,3,9,Chris Morris
50s,1,1,1,2,Chris Morris
100s,0,0,0,0,Chris Morris
200s,0,0,0,0,Chris Morris
300s,0,0,0,0,Chris Morris
400s,0,0,0,0,Chris Morris
Matches,54,155,92,114,Quinton de Kock
Innings,91,155,91,114,Quinton de Kock
Runs,3300,6770,2584,3300,Quinton de Kock
Balls,4652,7005,1868,2456,Quinton de Kock
Highest,141,178,100,140,Quinton de Kock
Average,38.82,45.74,31.51,30.84,Quinton de Kock
SR,70.94,96.65,138.33,134.37,Quinton de Kock
Not Out,6,7,9,7,Quinton de Kock
Fours,411,771,264,325,Quinton de Kock
Sixes,33,118,103,134,Quinton de Kock
Ducks,7,4,7,4,Quinton de Kock
50s,22,30,16,24,Quinton de Kock
100s,6,21,1,2,Quinton de Kock
200s,0,0,0,0,Quinton de Kock
300s,0,0,0,0,Quinton de Kock
400s,0,0,0,0,Quinton de Kock
Matches,20,107,38,59,Imran Tahir
Innings,23,36,4,9,Imran Tahir
Runs,130,157,19,33,Imran Tahir
Balls,235,225,18,37,Imran Tahir
Highest,29,29,9,13,Imran Tahir
Average,9.29,7.85,19,8.25,Imran Tahir
SR,55.32,69.78,105.56,89.19,Imran Tahir
Not Out,9,16,3,5,Imran Tahir
Fours,18,21,1,5,Imran Tahir
Sixes,1,1,1,0,Imran Tahir
Ducks,2,6,0,0,Imran Tahir
50s,0,0,0,0,Imran Tahir
100s,0,0,0,0,Imran Tahir
200s,0,0,0,0,Imran Tahir
300s,0,0,0,0,Imran Tahir
400s,0,0,0,0,Imran Tahir
Matches,70,106,65,82,Kagiso Rabada
Innings,106,45,24,32,Kagiso Rabada
Runs,1030,401,156,213,Kagiso Rabada
Balls,2053,507,141,198,Kagiso Rabada
Highest,47,31,22,44,Kagiso Rabada
Average,11.98,14.85,17.33,12.53,Kagiso Rabada
SR,50.18,79.10,110.64,107.58,Kagiso Rabada
Not Out,20,18,15,15,Kagiso Rabada
Fours,135,30,14,16,Kagiso Rabada
Sixes,16,12,5,9,Kagiso Rabada
Ducks,20,2,4,4,Kagiso Rabada
50s,0,0,0,0,Kagiso Rabada
100s,0,0,0,0,Kagiso Rabada
200s,0,0,0,0,Kagiso Rabada
300s,0,0,0,0,Kagiso Rabada
400s,0,0,0,0,Kagiso Rabada
Matches,19,67,43,14,Lungi Ngidi
Innings,30,27,13,0,Lungi Ngidi
Runs,97,124,41,0,Lungi Ngidi
Balls,229,236,52,0,Lungi Ngidi
Highest,19,20,13,0,Lungi Ngidi
Average,4.85,11.27,8.2,0,Lungi Ngidi
SR,42.36,52.55,78.85,0,Lungi Ngidi
Not Out,10,16,8,0,Lungi Ngidi
Fours,14,8,4,0,Lungi Ngidi
Sixes,1,6,0,0,Lungi Ngidi
Ducks,8,5,2,0,Lungi Ngidi
50s,0,0,0,0,Lungi Ngidi
100s,0,0,0,0,Lungi Ngidi
200s,0,0,0,0,Lungi Ngidi
300s,0,0,0,0,Lungi Ngidi
400s,0,0,0,0,Lungi Ngidi
Matches,2,55,70,5,Tabraiz Shamsi
Innings,4,15,14,1,Tabraiz Shamsi
Runs,20,39,10,2,Tabraiz Shamsi
Balls,48,69,27,4,Tabraiz Shamsi
Highest,18,11,4,2,Tabraiz Shamsi
Average,20,9.75,2,0,Tabraiz Shamsi
SR,41.67,56.53,37.04,50.00,Tabraiz Shamsi
Not Out,3,11,9,1,Tabraiz Shamsi
Fours,2,4,0,0,Tabraiz Shamsi
Sixes,0,0,0,0,Tabraiz Shamsi
Ducks,0,3,5,0,Tabraiz Shamsi
50s,0,0,0,0,Tabraiz Shamsi
100s,0,0,0,0,Tabraiz Shamsi
200s,0,0,0,0,Tabraiz Shamsi
300s,0,0,0,0,Tabraiz Shamsi
400s,0,0,0,0,Tabraiz Shamsi
Matches,1,10,19,7,Beuran Hendricks
Innings,2,4,5,3,Beuran Hendricks
Runs,9,24,18,1,Beuran Hendricks
Balls,18,45,23,3,Beuran Hendricks
Highest,5,18,12,1,Beuran Hendricks
Average,9,8,6,1,Beuran Hendricks
SR,50.00,53.34,78.27,33.34,Beuran Hendricks
Not Out,1,1,2,2,Beuran Hendricks
Fours,1,2,0,0,Beuran Hendricks
Sixes,0,0,1,0,Beuran Hendricks
Ducks,0,0,1,1,Beuran Hendricks
50s,0,0,0,0,Beuran Hendricks
100s,0,0,0,0,Beuran Hendricks
200s,0,0,0,0,Beuran Hendricks
300s,0,0,0,0,Beuran Hendricks
400s,0,0,0,0,Beuran Hendricks
Matches,56,122,26,1,Darren Bravo
Innings,102,117,22,1,Darren Bravo
Runs,3538,3109,405,6,Darren Bravo
Balls,7886,4434,379,5,Darren Bravo
Highest,218,124,43,6,Darren Bravo
Average,36.1,29.61,21.32,0,Darren Bravo
SR,44.87,70.12,106.87,120.00,Darren Bravo
Not Out,4,12,3,1,Darren Bravo
Fours,405,252,32,1,Darren Bravo
Sixes,41,75,14,0,Darren Bravo
Ducks,5,9,3,0,Darren Bravo
50s,17,18,0,0,Darren Bravo
100s,8,4,0,0,Darren Bravo
200s,1,0,0,0,Darren Bravo
300s,0,0,0,0,Darren Bravo
400s,0,0,0,0,Darren Bravo
Matches,103,301,79,142,Chris Gayle
Innings,182,294,75,141,Chris Gayle
Runs,7215,10480,1899,4965,Chris Gayle
Balls,11970,12019,1381,3333,Chris Gayle
Highest,333,215,117,175,Chris Gayle
Average,42.19,37.7,27.93,39.72,Chris Gayle
SR,60.28,87.20,137.51,148.97,Chris Gayle
Not Out,11,16,7,16,Chris Gayle
Fours,1046,1128,158,405,Chris Gayle
Sixes,98,331,124,357,Chris Gayle
Ducks,15,25,4,8,Chris Gayle
50s,37,54,14,31,Chris Gayle
100s,15,25,2,6,Chris Gayle
200s,3,1,0,0,Chris Gayle
300s,2,0,0,0,Chris Gayle
400s,0,0,0,0,Chris Gayle
Matches,0,63,61,27,Evin Lewis
Innings,0,60,60,26,Evin Lewis
Runs,0,2131,1643,654,Evin Lewis
Balls,0,2472,1081,477,Evin Lewis
Highest,0,176,125,65,Evin Lewis
Average,0,38.05,28.82,27.25,Evin Lewis
SR,0,86.21,151.99,137.11,Evin Lewis
Not Out,0,4,3,2,Evin Lewis
Fours,0,206,125,62,Evin Lewis
Sixes,0,69,124,36,Evin Lewis
Ducks,0,3,5,2,Evin Lewis
50s,0,11,12,4,Evin Lewis
100s,0,5,2,0,Evin Lewis
200s,0,0,0,0,Evin Lewis
300s,0,0,0,0,Evin Lewis
400s,0,0,0,0,Evin Lewis
Matches,16,56,62,79,Shimron Hetmyer
Innings,30,51,52,73,Shimron Hetmyer
Runs,838,1539,942,1407,Shimron Hetmyer
Balls,1138,1460,795,920,Shimron Hetmyer
Highest,93,139,81,75,Shimron Hetmyer
Average,27.93,32.06,20.04,30.59,Shimron Hetmyer
SR,73.64,105.42,118.50,152.94,Shimron Hetmyer
Not Out,0,3,5,27,Shimron Hetmyer
Fours,85,117,63,87,Shimron Hetmyer
Sixes,27,56,47,91,Shimron Hetmyer
Ducks,0,3,4,2,Shimron Hetmyer
50s,5,4,5,5,Shimron Hetmyer
100s,0,5,0,0,Shimron Hetmyer
200s,0,0,0,0,Shimron Hetmyer
300s,0,0,0,0,Shimron Hetmyer
400s,0,0,0,0,Shimron Hetmyer
Matches,0,20,39,5,Fabian Allen
Innings,0,16,27,4,Fabian Allen
Runs,0,200,272,14,Fabian Allen
Balls,0,203,199,19,Fabian Allen
Highest,0,51,34,8,Fabian Allen
Average,0,15.38,15.11,7,Fabian Allen
SR,0,98.53,136.69,73.69,Fabian Allen
Not Out,0,3,9,2,Fabian Allen
Fours,0,18,16,1,Fabian Allen
Sixes,0,8,21,0,Fabian Allen
Ducks,0,2,5,0,Fabian Allen
50s,0,1,0,0,Fabian Allen
100s,0,0,0,0,Fabian Allen
200s,0,0,0,0,Fabian Allen
300s,0,0,0,0,Fabian Allen
400s,0,0,0,0,Fabian Allen
Matches,69,138,63,46,Jason Holder
Innings,123,114,44,27,Jason Holder
Runs,3073,2237,491,259,Jason Holder
Balls,5595,2479,380,210,Jason Holder
Highest,202,99,38,47,Jason Holder
Average,29.83,24.86,16.37,12.33,Jason Holder
SR,54.93,90.24,129.22,123.34,Jason Holder
Not Out,20,24,14,6,Jason Holder
Fours,359,160,31,13,Jason Holder
Sixes,55,69,27,18,Jason Holder
Ducks,11,11,7,2,Jason Holder
50s,14,12,0,0,Jason Holder
100s,3,0,0,0,Jason Holder
200s,1,0,0,0,Jason Holder
300s,0,0,0,0,Jason Holder
400s,0,0,0,0,Jason Holder
Matches,1,56,83,133,Andre Russell
Innings,1,47,72,110,Andre Russell
Runs,2,1034,1063,2518,Andre Russell
Balls,9,794,648,1451,Andre Russell
Highest,2,92,71,88,Andre Russell
Average,2,27.21,22.15,27.98,Andre Russell
SR,22.23,130.23,164.05,173.54,Andre Russell
Not Out,0,9,24,20,Andre Russell
Fours,0,94,63,173,Andre Russell
Sixes,0,57,89,212,Andre Russell
Ducks,0,6,9,5,Andre Russell
50s,0,4,3,11,Andre Russell
100s,0,0,0,0,Andre Russell
200s,0,0,0,0,Andre Russell
300s,0,0,0,0,Andre Russell
400s,0,0,0,0,Andre Russell
Matches,3,44,41,16,Carlos Brathwaite
Innings,5,37,27,14,Carlos Brathwaite
Runs,181,559,310,181,Carlos Brathwaite
Balls,284,614,274,111,Carlos Brathwaite
Highest,69,101,37,43,Carlos Brathwaite
Average,45.25,16.44,14.76,13.92,Carlos Brathwaite
SR,63.74,91.05,113.14,163.07,Carlos Brathwaite
Not Out,1,3,6,1,Carlos Brathwaite
Fours,12,38,13,10,Carlos Brathwaite
Sixes,7,24,22,16,Carlos Brathwaite
Ducks,1,2,3,0,Carlos Brathwaite
50s,3,1,0,0,Carlos Brathwaite
100s,0,1,0,0,Carlos Brathwaite
200s,0,0,0,0,Carlos Brathwaite
300s,0,0,0,0,Carlos Brathwaite
400s,0,0,0,0,Carlos Brathwaite
Matches,38,133,39,9,Shai Hope
Innings,72,128,37,9,Shai Hope
Runs,1726,5443,847,183,Shai Hope
Balls,4124,6981,612,122,Shai Hope
Highest,147,170,82,41,Shai Hope
Average,25.01,49.48,26.47,22.88,Shai Hope
SR,41.86,77.97,138.40,150.00,Shai Hope
Not Out,3,18,5,1,Shai Hope
Fours,199,426,69,12,Shai Hope
Sixes,6,102,44,12,Shai Hope
Ducks,2,5,3,0,Shai Hope
50s,5,26,5,0,Shai Hope
100s,2,17,0,0,Shai Hope
200s,0,0,0,0,Shai Hope
300s,0,0,0,0,Shai Hope
400s,0,0,0,0,Shai Hope
Matches,0,61,106,83,Nicholas Pooran
Innings,0,58,97,80,Nicholas Pooran
Runs,0,1983,2275,2126,Nicholas Pooran
Balls,0,2000,1668,1261,Nicholas Pooran
Highest,0,118,98,87,Nicholas Pooran
Average,0,39.66,26.15,34.85,Nicholas Pooran
SR,0,99.15,136.40,168.60,Nicholas Pooran
Not Out,0,8,10,19,Nicholas Pooran
Fours,0,157,152,140,Nicholas Pooran
Sixes,0,80,149,158,Nicholas Pooran
Ducks,0,3,3,9,Nicholas Pooran
50s,0,11,13,13,Nicholas Pooran
100s,0,3,0,0,Nicholas Pooran
200s,0,0,0,0,Nicholas Pooran
300s,0,0,0,0,Nicholas Pooran
400s,0,0,0,0,Nicholas Pooran
Matches,2,38,45,6,Sheldon Cottrell
Innings,4,19,10,1,Sheldon Cottrell
Runs,11,88,18,0,Sheldon Cottrell
Balls,24,130,29,2,Sheldon Cottrell
Highest,5,17,4,0,Sheldon Cottrell
Average,2.75,11,4.5,0,Sheldon Cottrell
SR,45.84,67.70,62.07,0.00,Sheldon Cottrell
Not Out,0,11,6,0,Sheldon Cottrell
Fours,1,6,2,0,Sheldon Cottrell
Sixes,0,4,0,0,Sheldon Cottrell
Ducks,1,2,1,1,Sheldon Cottrell
50s,0,0,0,0,Sheldon Cottrell
100s,0,0,0,0,Sheldon Cottrell
200s,0,0,0,0,Sheldon Cottrell
300s,0,0,0,0,Sheldon Cottrell
400s,0,0,0,0,Sheldon Cottrell
Matches,59,25,2,0,Shannon Gabriel
Innings,88,16,0,0,Shannon Gabriel
Runs,229,24,0,0,Shannon Gabriel
Balls,660,63,0,0,Shannon Gabriel
Highest,20,12,0,0,Shannon Gabriel
Average,4.24,3.43,0,0,Shannon Gabriel
SR,34.70,38.10,0,0,Shannon Gabriel
Not Out,34,9,0,0,Shannon Gabriel
Fours,28,1,0,0,Shannon Gabriel
Sixes,6,0,0,0,Shannon Gabriel
Ducks,23,4,0,0,Shannon Gabriel
50s,0,0,0,0,Shannon Gabriel
100s,0,0,0,0,Shannon Gabriel
200s,0,0,0,0,Shannon Gabriel
300s,0,0,0,0,Shannon Gabriel
400s,0,0,0,0,Shannon Gabriel
Matches,85,95,11,2,Kemar Roach
Innings,136,60,1,1,Kemar Roach
Runs,1286,308,3,10,Kemar Roach
Balls,3426,594,2,9,Kemar Roach
Highest,47,34,3,10,Kemar Roach
Average,11.91,12.83,0,10,Kemar Roach
SR,37.54,51.86,150.00,111.12,Kemar Roach
Not Out,28,36,1,0,Kemar Roach
Fours,150,24,0,1,Kemar Roach
Sixes,16,6,0,0,Kemar Roach
Ducks,20,9,0,0,Kemar Roach
50s,0,0,0,0,Kemar Roach
100s,0,0,0,0,Kemar Roach
200s,0,0,0,0,Kemar Roach
300s,0,0,0,0,Kemar Roach
400s,0,0,0,0,Kemar Roach
Matches,0,54,13,0,Ashley Nurse
Innings,0,40,8,0,Ashley Nurse
Runs,0,502,85,0,Ashley Nurse
Balls,0,513,71,0,Ashley Nurse
Highest,0,44,20,0,Ashley Nurse
Average,0,19.31,42.5,0,Ashley Nurse
SR,0,97.86,119.72,0,Ashley Nurse
Not Out,0,14,6,0,Ashley Nurse
Fours,0,44,7,0,Ashley Nurse
Sixes,0,12,3,0,Ashley Nurse
Ducks,0,2,0,0,Ashley Nurse
50s,0,0,0,0,Ashley Nurse
100s,0,0,0,0,Ashley Nurse
200s,0,0,0,0,Ashley Nurse
300s,0,0,0,0,Ashley Nurse
400s,0,0,0,0,Ashley Nurse
Matches,0,25,21,4,Oshane Thomas
Innings,0,14,7,0,Oshane Thomas
Runs,0,22,9,0,Oshane Thomas
Balls,0,73,15,0,Oshane Thomas
Highest,0,7,8,0,Oshane Thomas
Average,0,4.4,2.25,0,Oshane Thomas
SR,0,30.14,60.00,0,Oshane Thomas
Not Out,0,9,3,0,Oshane Thomas
Fours,0,2,2,0,Oshane Thomas
Sixes,0,0,0,0,Oshane Thomas
Ducks,0,3,3,0,Oshane Thomas
50s,0,0,0,0,Oshane Thomas
100s,0,0,0,0,Oshane Thomas
200s,0,0,0,0,Oshane Thomas
300s,0,0,0,0,Oshane Thomas
400s,0,0,0,0,Oshane Thomas
Matches,23,128,71,0,Craig Ervine
Innings,46,124,70,0,Craig Ervine
Runs,1598,3600,1449,0,Craig Ervine
Balls,3169,4695,1370,0,Craig Ervine
Highest,160,130,70,0,Craig Ervine
Average,37.16,33.03,21.95,0,Craig Ervine
SR,50.43,76.68,105.77,0,Craig Ervine
Not Out,3,15,4,0,Craig Ervine
Fours,170,350,143,0,Craig Ervine
Sixes,14,47,30,0,Craig Ervine
Ducks,2,11,5,0,Craig Ervine
50s,7,23,9,0,Craig Ervine
100s,4,4,0,0,Craig Ervine
200s,0,0,0,0,Craig Ervine
300s,0,0,0,0,Craig Ervine
400s,0,0,0,0,Craig Ervine
Matches,38,209,65,0,Hamilton Masakadza
Innings,76,208,66,0,Hamilton Masakadza
Runs,2222,5658,1662,0,Hamilton Masakadza
Balls,5008,7728,1418,0,Hamilton Masakadza
Highest,158,178,93,0,Hamilton Masakadza
Average,30.03,27.74,25.97,0,Hamilton Masakadza
SR,44.37,73.22,117.21,0,Hamilton Masakadza
Not Out,2,4,2,0,Hamilton Masakadza
Fours,265,585,151,0,Hamilton Masakadza
Sixes,23,86,65,0,Hamilton Masakadza
Ducks,10,15,1,0,Hamilton Masakadza
50s,8,34,11,0,Hamilton Masakadza
100s,5,5,0,0,Hamilton Masakadza
200s,0,0,0,0,Hamilton Masakadza
300s,0,0,0,0,Hamilton Masakadza
400s,0,0,0,0,Hamilton Masakadza
Matches,18,151,105,9,Sikandar Raza
Innings,35,142,100,9,Sikandar Raza
Runs,1286,4325,2403,182,Sikandar Raza
Balls,2339,5044,1766,136,Sikandar Raza
Highest,127,141,133,57,Sikandar Raza
Average,36.74,36.04,25.84,26,Sikandar Raza
SR,54.99,85.75,136.08,133.83,Sikandar Raza
Not Out,0,22,7,2,Sikandar Raza
Fours,126,360,180,12,Sikandar Raza
Sixes,17,105,117,8,Sikandar Raza
Ducks,3,3,8,0,Sikandar Raza
50s,9,22,14,1,Sikandar Raza
100s,1,7,1,0,Sikandar Raza
200s,0,0,0,0,Sikandar Raza
300s,0,0,0,0,Sikandar Raza
400s,0,0,0,0,Sikandar Raza
Matches,17,162,81,0,Sean Williams
Innings,33,157,80,0,Sean Williams
Runs,1363,5140,1691,0,Sean Williams
Balls,2248,5918,1338,0,Sean Williams
Highest,154,174,66,0,Sean Williams
Average,45.43,37.52,23.49,0,Sean Williams
SR,60.64,86.86,126.39,0,Sean Williams
Not Out,3,20,8,0,Sean Williams
Fours,150,462,161,0,Sean Williams
Sixes,10,63,42,0,Sean Williams
Ducks,0,9,6,0,Sean Williams
50s,3,36,11,0,Sean Williams
100s,5,8,0,0,Sean Williams
200s,0,0,0,0,Sean Williams
300s,0,0,0,0,Sean Williams
400s,0,0,0,0,Sean Williams
Matches,2,47,9,0,Solomon Mire
Innings,4,47,8,0,Solomon Mire
Runs,78,955,253,0,Solomon Mire
Balls,135,1191,196,0,Solomon Mire
Highest,47,112,94,0,Solomon Mire
Average,19.5,20.32,31.63,0,Solomon Mire
SR,57.78,80.19,129.09,0,Solomon Mire
Not Out,0,0,0,0,Solomon Mire
Fours,12,93,23,0,Solomon Mire
Sixes,1,24,13,0,Solomon Mire
Ducks,1,4,0,0,Solomon Mire
50s,0,3,2,0,Solomon Mire
100s,0,1,0,0,Solomon Mire
200s,0,0,0,0,Solomon Mire
300s,0,0,0,0,Solomon Mire
400s,0,0,0,0,Solomon Mire
Matches,7,14,3,0,Brian Chari
Innings,14,14,3,0,Brian Chari
Runs,254,186,21,0,Brian Chari
Balls,642,399,31,0,Brian Chari
Highest,80,39,19,0,Brian Chari
Average,18.14,13.29,7,0,Brian Chari
SR,39.57,46.62,67.75,0,Brian Chari
Not Out,0,0,0,0,Brian Chari
Fours,26,12,4,0,Brian Chari
Sixes,6,2,0,0,Brian Chari
Ducks,2,0,1,0,Brian Chari
50s,2,0,0,0,Brian Chari
100s,0,0,0,0,Brian Chari
200s,0,0,0,0,Brian Chari
300s,0,0,0,0,Brian Chari
400s,0,0,0,0,Brian Chari
Matches,4,22,13,0,Timycen Maruma
Innings,7,18,13,0,Timycen Maruma
Runs,68,196,100,0,Timycen Maruma
Balls,186,330,110,0,Timycen Maruma
Highest,41,35,23,0,Timycen Maruma
Average,9.71,11.53,11.11,0,Timycen Maruma
SR,36.56,59.40,90.91,0,Timycen Maruma
Not Out,0,1,4,0,Timycen Maruma
Fours,8,14,6,0,Timycen Maruma
Sixes,0,6,4,0,Timycen Maruma
Ducks,3,1,1,0,Timycen Maruma
50s,0,0,0,0,Timycen Maruma
100s,0,0,0,0,Timycen Maruma
200s,0,0,0,0,Timycen Maruma
300s,0,0,0,0,Timycen Maruma
400s,0,0,0,0,Timycen Maruma
Matches,14,213,56,0,Elton Chigumbura
Innings,27,198,56,0,Elton Chigumbura
Runs,569,4340,893,0,Elton Chigumbura
Balls,1133,5423,637,0,Elton Chigumbura
Highest,88,117,54,0,Elton Chigumbura
Average,21.07,25.23,19,0,Elton Chigumbura
SR,50.23,80.03,140.19,0,Elton Chigumbura
Not Out,0,26,9,0,Elton Chigumbura
Fours,67,343,61,0,Elton Chigumbura
Sixes,6,106,53,0,Elton Chigumbura
Ducks,6,17,6,0,Elton Chigumbura
50s,4,19,3,0,Elton Chigumbura
100s,0,2,0,0,Elton Chigumbura
200s,0,0,0,0,Elton Chigumbura
300s,0,0,0,0,Elton Chigumbura
400s,0,0,0,0,Elton Chigumbura
Matches,22,61,49,0,Regis Chakabva
Innings,43,57,49,0,Regis Chakabva
Runs,1061,1188,682,0,Regis Chakabva
Balls,2615,1751,557,0,Regis Chakabva
Highest,101,102,48,0,Regis Chakabva
Average,27.21,22,14.51,0,Regis Chakabva
SR,40.58,67.85,122.45,0,Regis Chakabva
Not Out,4,3,2,0,Regis Chakabva
Fours,102,93,59,0,Regis Chakabva
Sixes,8,9,27,0,Regis Chakabva
Ducks,3,3,11,0,Regis Chakabva
50s,5,4,0,0,Regis Chakabva
100s,1,1,0,0,Regis Chakabva
200s,0,0,0,0,Regis Chakabva
300s,0,0,0,0,Regis Chakabva
400s,0,0,0,0,Regis Chakabva
Matches,34,205,44,0,Brendan Taylor
Innings,68,203,45,0,Brendan Taylor
Runs,2320,6684,934,0,Brendan Taylor
Balls,4138,8722,790,0,Brendan Taylor
Highest,171,145,75,0,Brendan Taylor
Average,36.25,35.55,23.95,0,Brendan Taylor
SR,56.07,76.64,118.23,0,Brendan Taylor
Not Out,4,15,6,0,Brendan Taylor
Fours,254,599,93,0,Brendan Taylor
Sixes,22,106,24,0,Brendan Taylor
Ducks,3,15,5,0,Brendan Taylor
50s,12,39,6,0,Brendan Taylor
100s,6,11,0,0,Brendan Taylor
200s,0,0,0,0,Brendan Taylor
300s,0,0,0,0,Brendan Taylor
400s,0,0,0,0,Brendan Taylor
Matches,15,49,21,0,Peter Moor
Innings,30,45,19,0,Peter Moor
Runs,734,828,364,0,Peter Moor
Balls,1569,1225,286,0,Peter Moor
Highest,83,58,92,0,Peter Moor
Average,25.31,20.7,24.27,0,Peter Moor
SR,46.79,67.60,127.28,0,Peter Moor
Not Out,1,5,4,0,Peter Moor
Fours,83,48,22,0,Peter Moor
Sixes,7,30,24,0,Peter Moor
Ducks,4,3,0,0,Peter Moor
50s,6,4,1,0,Peter Moor
100s,0,0,0,0,Peter Moor
200s,0,0,0,0,Peter Moor
300s,0,0,0,0,Peter Moor
400s,0,0,0,0,Peter Moor
Matches,9,87,60,0,Tendai Chatara
Innings,18,57,16,0,Tendai Chatara
Runs,94,206,49,0,Tendai Chatara
Balls,201,439,77,0,Tendai Chatara
Highest,22,23,8,0,Tendai Chatara
Average,6.27,6.44,8.17,0,Tendai Chatara
SR,46.77,46.93,63.64,0,Tendai Chatara
Not Out,3,25,10,0,Tendai Chatara
Fours,15,17,2,0,Tendai Chatara
Sixes,1,2,0,0,Tendai Chatara
Ducks,6,9,2,0,Tendai Chatara
50s,0,0,0,0,Tendai Chatara
100s,0,0,0,0,Tendai Chatara
200s,0,0,0,0,Tendai Chatara
300s,0,0,0,0,Tendai Chatara
400s,0,0,0,0,Tendai Chatara
Matches,16,38,23,0,Donald Tiripano
Innings,31,29,16,0,Donald Tiripano
Runs,531,364,157,0,Donald Tiripano
Balls,1631,549,158,0,Donald Tiripano
Highest,95,55,28,0,Donald Tiripano
Average,22.13,17.33,13.08,0,Donald Tiripano
SR,32.56,66.31,99.37,0,Donald Tiripano
Not Out,7,8,4,0,Donald Tiripano
Fours,71,30,9,0,Donald Tiripano
Sixes,1,8,6,0,Donald Tiripano
Ducks,5,2,3,0,Donald Tiripano
50s,2,1,0,0,Donald Tiripano
100s,0,0,0,0,Donald Tiripano
200s,0,0,0,0,Donald Tiripano
300s,0,0,0,0,Donald Tiripano
400s,0,0,0,0,Donald Tiripano
Matches,15,84,32,0,Chris Mpofu
Innings,28,41,11,0,Chris Mpofu
Runs,105,57,35,0,Chris Mpofu
Balls,249,210,43,0,Chris Mpofu
Highest,33,9,17,0,Chris Mpofu
Average,5.83,2.85,8.75,0,Chris Mpofu
SR,42.17,27.15,81.40,0,Chris Mpofu
Not Out,10,21,7,0,Chris Mpofu
Fours,7,1,3,0,Chris Mpofu
Sixes,5,0,1,0,Chris Mpofu
Ducks,9,7,3,0,Chris Mpofu
50s,0,0,0,0,Chris Mpofu
100s,0,0,0,0,Chris Mpofu
200s,0,0,0,0,Chris Mpofu
300s,0,0,0,0,Chris Mpofu
400s,0,0,0,0,Chris Mpofu
Matches,13,49,21,0,Kyle Jarvis
Innings,24,33,12,0,Kyle Jarvis
Runs,128,222,55,0,Kyle Jarvis
Balls,384,337,64,0,Kyle Jarvis
Highest,25,37,27,0,Kyle Jarvis
Average,9.14,9.65,7.86,0,Kyle Jarvis
SR,33.34,65.88,85.94,0,Kyle Jarvis
Not Out,10,10,5,0,Kyle Jarvis
Fours,13,22,1,0,Kyle Jarvis
Sixes,1,3,4,0,Kyle Jarvis
Ducks,4,4,4,0,Kyle Jarvis
50s,0,0,0,0,Kyle Jarvis
100s,0,0,0,0,Kyle Jarvis
200s,0,0,0,0,Kyle Jarvis
300s,0,0,0,0,Kyle Jarvis
400s,0,0,0,0,Kyle Jarvis
Matches,5,14,13,0,Brandon Mavuta
Innings,8,10,10,0,Brandon Mavuta
Runs,82,92,65,0,Brandon Mavuta
Balls,208,107,51,0,Brandon Mavuta
Highest,56,28,28,0,Brandon Mavuta
Average,10.25,11.5,16.25,0,Brandon Mavuta
SR,39.43,85.99,127.46,0,Brandon Mavuta
Not Out,0,2,6,0,Brandon Mavuta
Fours,11,10,3,0,Brandon Mavuta
Sixes,1,1,3,0,Brandon Mavuta
Ducks,3,1,1,0,Brandon Mavuta
50s,1,0,0,0,Brandon Mavuta
100s,0,0,0,0,Brandon Mavuta
200s,0,0,0,0,Brandon Mavuta
300s,0,0,0,0,Brandon Mavuta
400s,0,0,0,0,Brandon Mavuta
